#,Kanji,Radical,# Strokes,Grade,Meaning,Readings
41,一 ,一 ,1,1,one ,イチ、イツ、ひと、ひと-つ
58,右 ,口 ,5,1,right (direction) ,ウ、ユウ、みぎ
61,雨 ,雨 ,8,1,rain ,ウ、あめ、（あま）
87,円 ,囗 ,4,1,"round, yen ",エン、まる-い
105,王 ,玉 ,4,1,king ,オウ
127,音 ,音 ,9,1,sound ,オン、イン、おと、ね
131,下 ,一 ,3,1,below ,カ、ゲ、した、しも、もと、さ-げる、さ-がる、くだ-る、くだ-す、くだ-さる、お-ろす、お-りる
133,火 ,火 ,4,1,fire ,カ、ひ、（ほ）
138,花 ,艸 ,7,1,flower ,カ、はな
196,貝 ,貝 ,7,1,shellfish ,かい
226,学 ,子 ,8,1,study ,ガク、まな-ぶ
305,気 ,气 ,6,1,feeling ,キ、ケ
359,九 ,乙 ,2,1,nine ,キュウ、ク、ここの、ここの-つ
365,休 ,人 ,6,1,rest ,キュウ、やす-む、やす-まる、やす-める
427,玉 ,玉 ,5,1,ball ,ギョク、たま
432,金 ,金 ,8,1,gold ,キン、コン、かね、（かな）
452,空 ,穴 ,8,1,sky ,クウ、そら、あ-く、あ-ける、から
513,月 ,月 ,4,1,"month, moon ",ゲツ、ガツ、つき
514,犬 ,犬 ,4,1,dog ,ケン、いぬ
516,見 ,見 ,7,1,see ,ケン、み-る、み-える、み-せる
576,五 ,二 ,4,1,five ,ゴ、いつ、いつ-つ
587,口 ,口 ,3,1,mouth ,コウ、ク、くち
623,校 ,木 ,10,1,school ,コウ
682,左 ,工 ,5,1,left (direction) ,サ、ひだり
744,三 ,一 ,3,1,three ,サン、み、み-つ、みっ-つ
745,山 ,山 ,3,1,mountain ,サン、やま
760,子 ,子 ,3,1,child ,シ、ス、こ
767,四 ,囗 ,5,1,four ,シ、よ、よ-つ、よっ-つ、よん
772,糸 ,糸 ,6,1,thread ,シ、いと
807,字 ,子 ,6,1,letter ,ジ、あざ
810,耳 ,耳 ,6,1,ear ,ジ、みみ
829,七 ,一 ,2,1,seven ,シチ、なな、なな-つ、（なの）
843,車 ,車 ,7,1,car ,シャ、くるま
863,手 ,手 ,4,1,hand ,シュ、て、（た）
907,十 ,十 ,2,1,ten ,ジュウ、ジッ、とお、と
926,出 ,凵 ,5,1,exit ,シュツ、（スイ）、で-る、だ-す
952,女 ,女 ,3,1,woman ,ジョ、ニョ、（ニョウ）、おんな、め
959,小 ,小 ,3,1,small ,ショウ、ちい-さい、こ、お
1009,上 ,一 ,3,1,up ,ジョウ、（ショウ）、うえ、（うわ）、かみ、あ-げる、あ-がる、のぼ-る、のぼ-せる、のぼ-す
1061,森 ,木 ,12,1,forest ,シン、もり
1070,人 ,人 ,2,1,person ,ジン、ニン、ひと
1081,水 ,水 ,4,1,water ,スイ、みず
1106,正 ,止 ,5,1,correct ,セイ、ショウ、ただ-しい、ただ-す、まさ
1107,生 ,生 ,5,1,life ,セイ、ショウ、い-きる、い-かす、い-ける、う-まれる、う-む、お-う、は-える、は-やす、き、なま
1115,青 ,靑 ,8,1,blue ,セイ、（ショウ）、あお、あお-い
1138,夕 ,夕 ,3,1,evening ,セキ、ゆう
1140,石 ,石 ,5,1,stone ,セキ、（シャク）、（コク）、いし
1141,赤 ,赤 ,7,1,red ,セキ、（シャク）、あか、あか-い、あか-らむ、あか-らめる
1166,千 ,十 ,3,1,thousand ,セン、ち
1167,川 ,巛 ,3,1,river ,セン、かわ
1170,先 ,儿 ,6,1,previous ,セン、さき
1219,早 ,日 ,6,1,early ,ソウ、（サッ）、はや-い、はや-まる、はや-める
1225,草 ,艸 ,9,1,grass ,ソウ、くさ
1263,足 ,足 ,7,1,foot ,ソク、あし、た-りる、た-る、た-す
1279,村 ,木 ,7,1,village ,ソン、むら
1312,大 ,大 ,3,1,large ,ダイ、タイ、おお、おお-きい、おお-いに
1348,男 ,田 ,7,1,male ,ダン、ナン、おとこ
1366,竹 ,竹 ,6,1,bamboo ,チク、たけ
1376,中 ,丨 ,4,1,middle ,チュウ、（ジュウ）、なか
1378,虫 ,虫 ,6,1,insect ,チュウ、むし
1396,町 ,田 ,7,1,town ,チョウ、まち
1472,天 ,大 ,4,1,heaven ,テン、あめ、（あま）
1480,田 ,田 ,5,1,rice paddy ,デン、た
1493,土 ,土 ,3,1,soil ,ド、ト、つち
1577,二 ,二 ,2,1,two ,ニ、ふた、ふた-つ
1583,日 ,日 ,4,1,day ,ニチ、ジツ、ひ、か
1584,入 ,入 ,2,1,enter ,ニュウ、い-る、い-れる、はい-る
1593,年 ,干 ,6,1,year ,ネン、とし
1630,白 ,白 ,5,1,white ,ハク、ビャク、しろ、（しら）、しろ-い
1647,八 ,八 ,2,1,eight ,ハチ、や、や-つ、やっ-つ、（よう）
1716,百 ,白 ,6,1,hundred ,ヒャク
1786,文 ,文 ,4,1,writing ,ブン、モン、ふみ
1876,木 ,木 ,4,1,tree ,ボク、モク、き、（こ）
1886,本 ,木 ,5,1,book ,ホン、もと
1926,名 ,口 ,6,1,name ,メイ、ミョウ、な
1947,目 ,目 ,5,1,eye ,モク、（ボク）、め、（ま）
2045,立 ,立 ,5,1,stand up ,リツ、（リュウ）、た-つ、た-てる
2074,力 ,力 ,2,1,power ,リョク、リキ、ちから
2076,林 ,木 ,8,1,woods ,リン、はやし
2125,六 ,八 ,4,1,six ,ロク、む、む-つ、むっ-つ、（むい）
46,引 ,弓 ,4,2,pull ,イン、ひ-く、ひ-ける
60,羽 ,羽 ,6,2,feather ,ウ、は、はね
67,雲 ,雨 ,12,2,cloud ,ウン、くも
95,園 ,囗 ,13,2,garden ,エン、その
98,遠 ,辵 ,13,2,far ,エン、（オン）、とお-い
137,何 ,人 ,7,2,what ,カ、なに、（なん）
144,科 ,禾 ,9,2,section ,カ
146,夏 ,夊 ,10,2,summer ,カ、（ゲ）、なつ
147,家 ,宀 ,10,2,house ,カ、ケ、いえ、や
159,歌 ,欠 ,14,2,song ,カ、うた、うた-う
167,画 ,田 ,8,2,tableau ,ガ、カク
173,回 ,囗 ,6,2,times ,カイ、（エ）、まわ-る、まわ-す
175,会 ,曰 ,6,2,association ,カイ、エ、あ-う
182,海 ,水 ,9,2,sea ,カイ、うみ
186,絵 ,糸 ,12,2,picture ,カイ、エ
197,外 ,夕 ,5,2,outside ,ガイ、ゲ、そと、ほか、はず-す、はず-れる
211,角 ,角 ,7,2,angle ,カク、かど、つの
228,楽 ,木 ,13,2,pleasure ,ガク、ラク、たの-しい、たの-しむ
234,活 ,水 ,9,2,active ,カツ
270,間 ,門 ,12,2,interval ,カン、ケン、あいだ、ま
292,丸 ,丶 ,3,2,circle ,ガン、まる、まる-い、まる-める
295,岩 ,山 ,8,2,boulder ,ガン、いわ
299,顔 ,頁 ,18,2,face ,ガン、かお
309,汽 ,水 ,7,2,steam ,キ
316,記 ,言 ,10,2,write down ,キ、しる-す
320,帰 ,止 ,10,2,return ,キ、かえ-る、かえ-す
362,弓 ,弓 ,3,2,"bow (archery, violin) ",キュウ、ゆみ
381,牛 ,牛 ,4,2,cow ,ギュウ、うし
391,魚 ,魚 ,11,2,fish ,ギョ、うお、さかな
398,京 ,亠 ,8,2,capital ,キョウ、ケイ
410,強 ,弓 ,11,2,strong ,キョウ、ゴウ、つよ-い、つよ-まる、つよ-める、し-いる
411,教 ,攴 ,11,2,teach ,キョウ、おし-える、おそ-わる
431,近 ,辵 ,7,2,near ,キン、ちか-い
469,兄 ,儿 ,5,2,older brother ,ケイ、（キョウ）、あに
471,形 ,彡 ,7,2,shape ,ケイ、ギョウ、かた、かたち
478,計 ,言 ,9,2,measure ,ケイ、はか-る、はか-らう
545,元 ,儿 ,4,2,origin ,ゲン、ガン、もと
548,言 ,言 ,7,2,say ,ゲン、ゴン、い-う、こと
551,原 ,厂 ,10,2,field ,ゲン、はら
558,戸 ,戶 ,4,2,door ,コ、と
559,古 ,口 ,5,2,old ,コ、ふる-い、ふる-す
578,午 ,十 ,4,2,noon ,ゴ
580,後 ,彳 ,9,2,behind ,ゴ、コウ、のち、うし-ろ、あと、おく-れる
584,語 ,言 ,14,2,language ,ゴ、かた-る、かた-らう
588,工 ,工 ,3,2,craft ,コウ、ク
589,公 ,八 ,4,2,public ,コウ、おおやけ
594,広 ,广 ,5,2,wide ,コウ、ひろ-い、ひろ-まる、ひろ-める、ひろ-がる、ひろ-げる
596,交 ,亠 ,6,2,mix ,コウ、まじ-わる、まじ-える、ま-じる、ま-ざる、ま-ぜる、か-う、か-わす
597,光 ,儿 ,6,2,ray ,コウ、ひか-る、ひかり
602,考 ,老 ,6,2,think ,コウ、かんが-える
603,行 ,行 ,6,2,go ,コウ、ギョウ、（アン）、い-く、ゆ-く、おこな-う
628,高 ,高 ,10,2,"tall, expensive ",コウ、たか-い、たか、たか-まる、たか-める
632,黄 ,黃 ,11,2,yellow ,コウ、オウ、き、（こ）
652,合 ,口 ,6,2,fit ,ゴウ、ガッ、（カッ）、あ-う、あ-わす、あ-わせる
659,谷 ,谷 ,7,2,valley ,コク、たに
661,国 ,囗 ,8,2,country ,コク、くに
662,黒 ,黑 ,11,2,black ,コク、くろ、くろ-い
670,今 ,人 ,4,2,now ,コン、キン、いま
693,才 ,手 ,3,2,genius ,サイ
706,細 ,糸 ,11,2,thin ,サイ、ほそ-い、ほそ-る、こま-か、こま-かい
723,作 ,人 ,7,2,make ,サク、サ、つく-る
753,算 ,竹 ,14,2,calculate ,サン
762,止 ,止 ,4,2,stop ,シ、と-まる、と-める
768,市 ,巾 ,5,2,market ,シ、いち
769,矢 ,矢 ,5,2,arrow ,シ、や
780,姉 ,女 ,8,2,older sister ,シ、あね
785,思 ,心 ,9,2,think ,シ、おも-う
790,紙 ,糸 ,10,2,paper ,シ、かみ
808,寺 ,寸 ,6,2,Buddhist temple ,ジ、てら
811,自 ,自 ,6,2,oneself ,ジ、シ、みずか-ら
818,時 ,日 ,10,2,time ,ジ、とき
832,室 ,宀 ,9,2,room ,シツ、むろ
842,社 ,示 ,7,2,company ,シャ、やしろ
861,弱 ,弓 ,10,2,weak ,ジャク、よわ-い、よわ-る、よわ-まる、よわ-める
869,首 ,首 ,9,2,neck ,シュ、くび
891,秋 ,禾 ,9,2,autumn ,シュウ、あき
898,週 ,辵 ,11,2,week ,シュウ
930,春 ,日 ,9,2,springtime ,シュン、はる
946,書 ,曰 ,10,2,write ,ショ、か-く
961,少 ,小 ,4,2,few ,ショウ、すく-ない、すこ-し
1020,場 ,土 ,12,2,place ,ジョウ、ば
1029,色 ,色 ,6,2,color ,ショク、シキ、いろ
1031,食 ,食 ,9,2,"eat, meal ",ショク、（ジキ）、く-う、く-らう、た-べる
1041,心 ,心 ,4,2,heart ,シン、こころ
1065,新 ,斤 ,13,2,new ,シン、あたら-しい、あら-た、にい
1069,親 ,見 ,16,2,parent ,シン、おや、した-しい、した-しむ
1080,図 ,囗 ,7,2,diagram ,ズ、ト、はか-る
1097,数 ,攴 ,13,2,number ,スウ、（ス）、かず、かぞ-える
1109,西 ,襾 ,6,2,west ,セイ、サイ、にし
1110,声 ,耳 ,7,2,voice ,セイ、（ショウ）、こえ、（こわ）
1118,星 ,日 ,9,2,star ,セイ、（ショウ）、ほし
1126,晴 ,日 ,12,2,clear up ,セイ、は-れる、は-らす
1154,切 ,刀 ,4,2,cut ,セツ、（サイ）、き-る、き-れる
1160,雪 ,雨 ,11,2,snow ,セツ、ゆき
1180,船 ,舟 ,11,2,boat ,セン、ふね、（ふな）
1190,線 ,糸 ,15,2,line ,セン
1197,前 ,刀 ,9,2,in front ,ゼン、まえ
1211,組 ,糸 ,11,2,association ,ソ、く-む、くみ
1221,走 ,走 ,7,2,run ,ソウ、はし-る
1285,多 ,夕 ,6,2,many ,タ、おお-い
1293,太 ,大 ,4,2,thick ,タイ、タ、ふと-い、ふと-る
1295,体 ,骨 ,7,2,body ,タイ、テイ、からだ
1314,台 ,至 ,5,2,pedestal ,ダイ、タイ
1355,地 ,土 ,6,2,ground ,チ、ジ
1356,池 ,水 ,6,2,pond ,チ、いけ
1357,知 ,矢 ,8,2,know ,チ、し-る
1373,茶 ,艸 ,9,2,tea ,チャ、サ
1384,昼 ,日 ,9,2,daytime ,チュウ、ひる
1397,長 ,長 ,8,2,long ,チョウ、なが-い
1405,鳥 ,鳥 ,11,2,bird ,チョウ、とり
1406,朝 ,月 ,12,2,morning ,チョウ、あさ
1418,直 ,目 ,8,2,straight ,チョク、ジキ、ただ-ちに、なお-す、なお-る
1430,通 ,辵 ,10,2,pass through ,ツウ、（ツ）、とお-る、とお-す、かよ-う
1440,弟 ,弓 ,7,2,younger brother ,テイ、（ダイ）、（デ）、おとうと
1474,店 ,广 ,8,2,shop ,テン、みせ
1475,点 ,黑 ,9,2,point ,テン
1483,電 ,雨 ,13,2,electricity ,デン
1498,刀 ,刀 ,2,2,sword ,トウ、かたな
1499,冬 ,冫 ,5,2,winter ,トウ、ふゆ
1501,当 ,田 ,6,2,hit ,トウ、あ-たる、あ-てる
1504,東 ,木 ,8,2,east ,トウ、ひがし
1524,答 ,竹 ,12,2,answer ,トウ、こた-える、こた-え
1531,頭 ,頁 ,16,2,head ,トウ、ズ、（ト）、あたま、かしら
1536,同 ,口 ,6,2,same ,ドウ、おな-じ
1542,道 ,辵 ,12,2,road ,ドウ、（トウ）、みち
1556,読 ,言 ,14,2,read ,ドク、トク、（トウ）、よ-む
1570,内 ,入 ,4,2,inside ,ナイ、（ダイ）、うち
1574,南 ,十 ,9,2,south ,ナン、（ナ）、みなみ
1581,肉 ,肉 ,6,2,meat ,ニク
1609,馬 ,馬 ,10,2,horse ,バ、うま、（ま）
1622,売 ,貝 ,7,2,sell ,バイ、う-る、う-れる
1628,買 ,貝 ,12,2,buy ,バイ、か-う
1639,麦 ,麥 ,7,2,wheat ,バク、むぎ
1656,半 ,十 ,5,2,half ,ハン、なか-ば
1680,番 ,田 ,12,2,one's turn ,バン
1738,父 ,父 ,4,2,father ,フ、ちち
1764,風 ,風 ,9,2,wind ,フウ、（フ）、かぜ、（かざ）
1785,分 ,刀 ,4,2,"part, minute of time ",ブン、フン、ブ、わ-ける、わ-かれる、わ-かる、わ-かつ
1787,聞 ,耳 ,14,2,hear ,ブン、モン、き-く、き-こえる
1801,米 ,米 ,6,2,rice ,ベイ、マイ、こめ
1817,歩 ,止 ,8,2,walk ,ホ、ブ、（フ）、ある-く、あゆ-む
1823,母 ,毋 ,5,2,mother ,ボ、はは
1829,方 ,方 ,4,2,direction ,ホウ、かた
1875,北 ,匕 ,5,2,north ,ホク、きた
1895,毎 ,毋 ,6,2,every ,マイ
1896,妹 ,女 ,8,2,younger sister ,マイ、いもうと
1906,万 ,艸 ,3,2,ten thousand ,マン、バン
1928,明 ,日 ,8,2,bright ,メイ、ミョウ、あ-かり、あか-るい、あか-るむ、あか-らむ、あき-らか、あ-ける、あ-く、あ-くる、あ-かす
1933,鳴 ,鳥 ,14,2,chirp ,メイ、な-く、な-る、な-らす
1941,毛 ,毛 ,4,2,hair ,モウ、け
1949,門 ,門 ,8,2,gates ,モン、かど
1953,夜 ,夕 ,8,2,night ,ヤ、よ、よる
1954,野 ,里 ,11,2,field ,ヤ、の
1971,友 ,又 ,4,2,friend ,ユウ、とも
1992,用 ,用 ,5,2,use ,ヨウ、もち-いる
2012,曜 ,日 ,18,2,day of the week ,ヨウ
2022,来 ,人 ,7,2,come ,ライ、く-る、きた-る、きた-す
2037,里 ,里 ,7,2,village ,リ、さと
2038,理 ,玉 ,11,2,reason ,リ
2130,話 ,言 ,13,2,talk ,ワ、はな-す、はなし
6,悪 ,心 ,11,3,bad ,アク、オ、わる-い
12,安 ,宀 ,6,3,cheap ,アン、やす-い
14,暗 ,日 ,13,3,dark ,アン、くら-い
19,医 ,酉 ,7,3,medicine ,イ
21,委 ,女 ,8,3,committee ,イ、ゆだ-ねる
33,意 ,心 ,13,3,idea ,イ
40,育 ,肉 ,8,3,nurture ,イク、そだ-つ、そだ-てる、はぐく-む
51,員 ,口 ,10,3,member ,イン
52,院 ,阜 ,10,3,institution ,イン
55,飲 ,食 ,12,3,drink ,イン、の-む
66,運 ,辵 ,12,3,carry ,ウン、はこ-ぶ
69,泳 ,水 ,8,3,swim ,エイ、およ-ぐ
82,駅 ,馬 ,14,3,station ,エキ
107,央 ,大 ,5,3,center ,オウ
117,横 ,木 ,15,3,side ,オウ、よこ
119,屋 ,尸 ,9,3,roof ,オク、や
129,温 ,水 ,12,3,warm ,オン、あたた-か、あたた-かい、あたた-まる、あたた-める
132,化 ,匕 ,4,3,change ,カ、ケ、ば-ける、ば-かす
148,荷 ,艸 ,10,3,luggage ,カ、に
183,界 ,田 ,9,3,world ,カイ
187,開 ,門 ,12,3,open ,カイ、ひら-く、ひら-ける、あ-く、あ-ける
188,階 ,阜 ,12,3,floor of a building ,カイ
263,寒 ,宀 ,12,3,cold ,カン、さむ-い
275,感 ,心 ,13,3,feeling ,カン
276,漢 ,水 ,13,3,China ,カン
285,館 ,食 ,16,3,public building ,カン、やかた
294,岸 ,山 ,8,3,beach ,ガン、きし
317,起 ,走 ,10,3,wake up ,キ、お-きる、お-こる、お-こす
328,期 ,月 ,12,3,period of time ,キ、（ゴ）
355,客 ,宀 ,9,3,guest ,キャク、カク
370,究 ,穴 ,7,3,research ,キュウ、きわ-める
372,急 ,心 ,9,3,hurry ,キュウ、いそ-ぐ
373,級 ,糸 ,9,3,rank ,キュウ
375,宮 ,宀 ,10,3,Shinto shrine ,キュウ、グウ、（ク）、みや
377,球 ,玉 ,11,3,sphere ,キュウ、たま
382,去 ,厶 ,5,3,leave ,キョ、コ、さ-る
414,橋 ,木 ,16,3,bridge ,キョウ、はし
422,業 ,木 ,13,3,business ,ギョウ、ゴウ、わざ
424,曲 ,曰 ,6,3,musical composition ,キョク、ま-がる、ま-げる
425,局 ,尸 ,7,3,office ,キョク
444,銀 ,金 ,14,3,silver ,ギン
445,区 ,匸 ,4,3,ward ,ク
447,苦 ,艸 ,8,3,suffer ,ク、くる-しい、くる-しむ、くる-しめる、にが-い、にが-る
449,具 ,八 ,8,3,tool ,グ
462,君 ,口 ,7,3,you ,クン、きみ
475,係 ,人 ,9,3,person in charge ,ケイ、かか-る、かかり
487,軽 ,車 ,12,3,light ,ケイ、かる-い、かろ-やか
508,血 ,血 ,6,3,blood ,ケツ、ち
509,決 ,水 ,7,3,decide ,ケツ、き-める、き-まる
520,研 ,石 ,9,3,sharpen ,ケン、と-ぐ
521,県 ,糸 ,9,3,prefecture ,ケン
569,庫 ,广 ,10,3,warehouse ,コ、（ク）
570,湖 ,水 ,12,3,lake ,コ、みずうみ
598,向 ,口 ,6,3,over there ,コウ、む-く、む-ける、む-かう、む-こう
610,幸 ,干 ,8,3,happiness ,コウ、さいわ-い、さち、しあわ-せ
635,港 ,水 ,12,3,harbor ,コウ、みなと
651,号 ,虍 ,5,3,number ,ゴウ
674,根 ,木 ,10,3,root ,コン、ね
704,祭 ,示 ,11,3,festival ,サイ、まつ-る、まつ-り
743,皿 ,皿 ,5,3,dish ,さら
764,仕 ,人 ,5,3,do ,シ、（ジ）、つか-える
771,死 ,歹 ,6,3,death ,シ、し-ぬ
777,使 ,人 ,8,3,use ,シ、つか-う
779,始 ,女 ,8,3,begin ,シ、はじ-める、はじ-まる
786,指 ,手 ,9,3,finger ,シ、ゆび、さ-す
795,歯 ,齒 ,12,3,tooth ,シ、は
798,詩 ,言 ,13,3,poem ,シ
809,次 ,欠 ,6,3,next ,ジ、シ、つ-ぐ、つぎ
814,事 ,亅 ,8,3,abstract thing ,ジ、（ズ）、こと
817,持 ,手 ,9,3,hold ,ジ、も-つ
826,式 ,弋 ,6,3,style ,シキ
839,実 ,宀 ,8,3,truth ,ジツ、み、みの-る
841,写 ,宀 ,5,3,copy ,シャ、うつ-す、うつ-る
845,者 ,老 ,8,3,someone ,シャ、もの
864,主 ,丶 ,5,3,master ,シュ、（ス）、ぬし、おも
865,守 ,宀 ,6,3,protect ,シュ、（ス）、まも-る、も-り
867,取 ,又 ,8,3,take ,シュ、と-る
872,酒 ,酉 ,10,3,alcoholic drink ,シュ、さけ、（さか）
877,受 ,又 ,8,3,accept ,ジュ、う-ける、う-かる
885,州 ,巛 ,6,3,state ,シュウ、す
890,拾 ,手 ,9,3,pick up ,シュウ、ジュウ、ひろ-う
895,終 ,糸 ,11,3,end ,シュウ、お-わる、お-える
897,習 ,羽 ,11,3,learn ,シュウ、なら-う
901,集 ,隹 ,12,3,collect ,シュウ、あつ-まる、あつ-める、つど-う
910,住 ,人 ,7,3,dwelling ,ジュウ、す-む、す-まう
912,重 ,里 ,9,3,heavy ,ジュウ、チョウ、え、おも-い、かさ-ねる、かさ-なる
920,宿 ,宀 ,11,3,inn ,シュク、やど、やど-る、やど-す
945,所 ,戶 ,8,3,place ,ショ、ところ
948,暑 ,日 ,12,3,hot ,ショ、あつ-い
954,助 ,力 ,7,3,help ,ジョ、たす-ける、たす-かる、すけ
973,昭 ,日 ,9,3,shining ,ショウ
976,消 ,水 ,10,3,extinguish ,ショウ、き-える、け-す
982,商 ,口 ,11,3,sell ,ショウ、あきな-う
984,章 ,立 ,11,3,chapter ,ショウ
987,勝 ,力 ,12,3,win ,ショウ、か-つ、まさ-る
1014,乗 ,丿 ,9,3,ride ,ジョウ、の-る、の-せる
1032,植 ,木 ,12,3,plant ,ショク、う-える、う-わる
1042,申 ,田 ,5,3,say ,シン、もう-す
1046,身 ,身 ,7,3,body ,シン、み
1051,神 ,示 ,9,3,god ,シン、ジン、かみ、（かん）、（こう）
1056,真 ,目 ,10,3,true ,シン、ま
1058,深 ,水 ,11,3,deep ,シン、ふか-い、ふか-まる、ふか-める
1060,進 ,辵 ,11,3,advance ,シン、すす-む、すす-める
1105,世 ,一 ,5,3,world ,セイ、セ、よ
1135,整 ,攴 ,16,3,put in order ,セイ、ととの-える、ととの-う
1142,昔 ,日 ,8,3,long ago ,セキ、（シャク）、むかし
1196,全 ,入 ,6,3,whole ,ゼン、まった-く、すべ-て
1223,相 ,目 ,9,3,mutual ,ソウ、ショウ、あい
1226,送 ,辵 ,9,3,send ,ソウ、おく-る
1243,想 ,心 ,13,3,concept ,ソウ、（ソ）
1266,息 ,心 ,10,3,breath ,ソク、いき
1268,速 ,辵 ,10,3,fast ,ソク、はや-い、はや-める、はや-まる、すみ-やか
1272,族 ,方 ,11,3,tribe ,ゾク
1284,他 ,人 ,5,3,other ,タ、ほか
1287,打 ,手 ,5,3,hit ,ダ、う-つ
1294,対 ,寸 ,7,3,opposite ,タイ、ツイ
1297,待 ,彳 ,9,3,wait ,タイ、ま-つ
1313,代 ,人 ,5,3,substitute ,ダイ、タイ、か-わる、か-える、よ、しろ
1315,第 ,竹 ,11,3,ordinal number prefix ,ダイ
1316,題 ,頁 ,18,3,topic ,ダイ
1337,炭 ,火 ,9,3,charcoal ,タン、すみ
1341,短 ,矢 ,12,3,short ,タン、みじか-い
1353,談 ,言 ,15,3,discuss ,ダン
1374,着 ,羊 ,12,3,wear ,チャク、（ジャク）、き-る、き-せる、つ-く、つ-ける
1383,注 ,水 ,8,3,pour ,チュウ、そそ-ぐ
1385,柱 ,木 ,9,3,pillar ,チュウ、はしら
1392,丁 ,一 ,2,3,ward ,チョウ、テイ
1399,帳 ,巾 ,11,3,account book ,チョウ
1415,調 ,言 ,15,3,investigate ,チョウ、しら-べる、ととの-う、ととの-える
1427,追 ,辵 ,9,3,follow ,ツイ、お-う
1441,定 ,宀 ,8,3,decide ,テイ、ジョウ、さだ-める、さだ-まる、さだ-か
1449,庭 ,广 ,10,3,garden ,テイ、にわ
1461,笛 ,竹 ,11,3,flute ,テキ、ふえ
1469,鉄 ,金 ,13,3,iron ,テツ
1478,転 ,車 ,11,3,revolve ,テン、ころ-がる、ころ-げる、ころ-がす、ころ-ぶ
1489,都 ,邑 ,11,3,metropolis ,ト、ツ、みやこ
1496,度 ,广 ,9,3,degrees ,ド、（ト）、（タク）、たび
1502,投 ,手 ,7,3,throw ,トウ、な-げる
1503,豆 ,豆 ,7,3,beans ,トウ、（ズ）、まめ
1510,島 ,山 ,10,3,island ,トウ、しま
1521,湯 ,水 ,12,3,hot water ,トウ、ゆ
1523,登 ,癶 ,12,3,climb ,トウ、ト、のぼ-る
1525,等 ,竹 ,12,3,class ,トウ、ひと-しい
1539,動 ,力 ,11,3,move ,ドウ、うご-く、うご-かす
1541,童 ,立 ,12,3,juvenile ,ドウ、わらべ
1602,農 ,辰 ,13,3,farming ,ノウ
1605,波 ,水 ,8,3,wave ,ハ、なみ
1617,配 ,酉 ,10,3,distribute ,ハイ、くば-る
1623,倍 ,人 ,10,3,double ,バイ
1643,箱 ,竹 ,15,3,box ,はこ
1645,畑 ,田 ,9,3,farm ,はた、はたけ
1649,発 ,癶 ,9,3,departure ,ハツ、ホツ
1655,反 ,又 ,4,3,anti- ,ハン、（ホン）、（タン）、そ-る、そ-らす
1663,坂 ,土 ,7,3,slope ,ハン、さか
1665,板 ,木 ,8,3,board ,ハン、バン、いた
1684,皮 ,皮 ,5,3,skin ,ヒ、かわ
1697,悲 ,心 ,12,3,sad ,ヒ、かな-しい、かな-しむ
1705,美 ,羊 ,9,3,beauty ,ビ、うつく-しい
1708,鼻 ,鼻 ,14,3,nose ,ビ、はな
1714,筆 ,竹 ,12,3,writing brush ,ヒツ、ふで
1717,氷 ,水 ,5,3,ice ,ヒョウ、こおり、ひ
1718,表 ,衣 ,8,3,express ,ヒョウ、おもて、あらわ-す、あらわ-れる
1725,秒 ,禾 ,9,3,second (part of time) ,ビョウ
1726,病 ,疒 ,10,3,sick ,ビョウ、（ヘイ）、や-む、やまい
1729,品 ,口 ,9,3,article ,ヒン、しな
1747,負 ,貝 ,9,3,lose ,フ、ま-ける、ま-かす、お-う
1761,部 ,邑 ,11,3,part ,ブ
1766,服 ,月 ,8,3,clothes ,フク
1770,福 ,示 ,13,3,luck ,フク
1777,物 ,牛 ,8,3,thing ,ブツ、モツ、もの
1789,平 ,干 ,5,3,flat ,ヘイ、ビョウ、たい-ら、ひら
1809,返 ,辵 ,7,3,return ,ヘン、かえ-す、かえ-る
1816,勉 ,力 ,10,3,exertion ,ベン
1836,放 ,攴 ,8,3,release ,ホウ、はな-す、はな-つ、はな-れる、ほう-る
1911,味 ,口 ,8,3,flavor ,ミ、あじ、あじ-わう
1927,命 ,口 ,8,3,fate ,メイ、ミョウ、いのち
1936,面 ,面 ,9,3,face ,メン、おも、おもて、つら
1951,問 ,口 ,11,3,question ,モン、と-う、と-い、（とん）
1957,役 ,彳 ,7,3,service ,ヤク、エキ
1960,薬 ,艸 ,16,3,medicine ,ヤク、くすり
1963,由 ,田 ,5,3,reason ,ユ、ユウ、（ユイ）、よし
1964,油 ,水 ,8,3,oil ,ユ、あぶら
1972,有 ,月 ,6,3,have ,ユウ、ウ、あ-る
1980,遊 ,辵 ,12,3,play ,ユウ、（ユ）、あそ-ぶ
1987,予 ,豕 ,4,3,in advance ,ヨ
1993,羊 ,羊 ,6,3,sheep ,ヨウ、ひつじ
1995,洋 ,水 ,9,3,ocean ,ヨウ
2001,葉 ,艸 ,12,3,leaf ,ヨウ、は
2002,陽 ,阜 ,12,3,sunshine ,ヨウ
2005,様 ,木 ,14,3,formal title ,ヨウ、さま
2026,落 ,艸 ,12,3,fall ,ラク、お-ちる、お-とす
2050,流 ,水 ,10,3,stream ,リュウ、（ル）、なが-れる、なが-す
2057,旅 ,方 ,10,3,trip ,リョ、たび
2061,両 ,入 ,6,3,both ,リョウ
2075,緑 ,糸 ,14,3,green ,リョク、（ロク）、みどり
2088,礼 ,示 ,5,3,thanks ,レイ、ライ
2101,列 ,刀 ,6,3,row ,レツ
2108,練 ,糸 ,14,3,practice ,レン、ね-る
2113,路 ,足 ,13,3,road ,ロ、じ
2129,和 ,口 ,8,3,peace ,ワ、（オ）、やわ-らぐ、やわ-らげる、なご-む、なご-やか
4,愛 ,心 ,13,4,love ,アイ
13,案 ,木 ,10,4,plan ,アン
15,以 ,人 ,5,4,by means of ,イ
16,衣 ,衣 ,6,4,clothes ,イ、ころも
17,位 ,人 ,7,4,rank ,イ、くらい
18,囲 ,囗 ,7,4,surround ,イ、かこ-む、かこ-う
25,胃 ,肉 ,9,4,stomach ,イ
47,印 ,卩 ,6,4,mark ,イン、しるし
70,英 ,艸 ,8,4,England ,エイ
72,栄 ,木 ,9,4,prosperity ,エイ、さか-える、は-え、は-える
100,塩 ,鹵 ,13,4,salt ,エン、しお
120,億 ,人 ,15,4,hundred million ,オク
134,加 ,力 ,5,4,add ,カ、くわ-える、くわ-わる
141,果 ,木 ,8,4,fruit ,カ、は-たす、は-てる、は-て
151,貨 ,貝 ,11,4,freight ,カ
162,課 ,言 ,15,4,section ,カ
168,芽 ,艸 ,8,4,bud ,ガ、め
178,改 ,攴 ,7,4,reformation ,カイ、あらた-める、あらた-まる
185,械 ,木 ,11,4,contraption ,カイ
199,害 ,宀 ,10,4,harm ,ガイ
202,街 ,行 ,12,4,street ,ガイ、（カイ）、まち
210,各 ,口 ,6,4,each ,カク、おのおの
218,覚 ,見 ,12,4,memorize ,カク、おぼ-える、さ-ます、さ-める
252,完 ,宀 ,7,4,perfect ,カン
254,官 ,宀 ,8,4,government official ,カン
278,管 ,竹 ,14,4,pipe ,カン、くだ
279,関 ,門 ,14,4,related ,カン、せき、かか-わる
288,観 ,見 ,18,4,observe ,カン
300,願 ,頁 ,19,4,request ,ガン、ねが-う
307,希 ,巾 ,7,4,hope ,キ
312,季 ,子 ,8,4,seasons ,キ
313,紀 ,糸 ,9,4,chronicle ,キ
325,喜 ,口 ,12,4,rejoice ,キ、よろこ-ぶ
333,旗 ,方 ,14,4,national flag ,キ、はた
334,器 ,口 ,15,4,container ,キ、うつわ
337,機 ,木 ,16,4,machine ,キ、はた
349,議 ,言 ,20,4,deliberation ,ギ
369,求 ,水 ,7,4,request ,キュウ、もと-める
371,泣 ,水 ,8,4,cry ,キュウ、な-く
376,救 ,攴 ,11,4,salvation ,キュウ、すく-う
378,給 ,糸 ,12,4,salary ,キュウ
387,挙 ,手 ,10,4,raise ,キョ、あ-げる、あ-がる
393,漁 ,水 ,14,4,fishing ,ギョ、リョウ
395,共 ,八 ,6,4,together ,キョウ、とも
401,協 ,十 ,8,4,cooperation ,キョウ
416,鏡 ,金 ,19,4,mirror ,キョウ、かがみ
417,競 ,立 ,20,4,compete ,キョウ、ケイ、きそ-う、せ-る
426,極 ,木 ,12,4,poles ,キョク、ゴク、きわ-める、きわ-まる、きわ-み
463,訓 ,言 ,10,4,instruction ,クン
466,軍 ,車 ,9,4,army ,グン
467,郡 ,邑 ,10,4,county ,グン
473,径 ,彳 ,8,4,diameter ,ケイ
476,型 ,土 ,9,4,model ,ケイ、かた
486,景 ,日 ,12,4,scenery ,ケイ
498,芸 ,艸 ,7,4,art ,ゲイ
506,欠 ,缶 ,4,4,lack ,ケツ、か-ける、か-く
510,結 ,糸 ,12,4,tie ,ケツ、むす-ぶ、ゆ-う、ゆ-わえる
519,建 ,廴 ,9,4,build ,ケン、（コン）、た-てる、た-つ
527,健 ,人 ,11,4,healthy ,ケン、すこ-やか
543,験 ,馬 ,18,4,test ,ケン、（ゲン）
561,固 ,囗 ,8,4,hard ,コ、かた-める、かた-まる、かた-い
592,功 ,力 ,5,4,achievement ,コウ、（ク）
600,好 ,女 ,6,4,like ,コウ、この-む、す-く
622,候 ,人 ,10,4,climate ,コウ、そうろう
625,航 ,舟 ,10,4,cruise ,コウ
629,康 ,广 ,11,4,health ,コウ
658,告 ,口 ,7,4,tell ,コク、つ-げる
688,差 ,工 ,10,4,distinction ,サ、さ-す
707,菜 ,艸 ,11,4,vegetable ,サイ、な
708,最 ,曰 ,12,4,most ,サイ、もっと-も
718,材 ,木 ,7,4,lumber ,ザイ
725,昨 ,日 ,9,4,previous ,サク
734,札 ,木 ,5,4,tag ,サツ、ふだ
735,刷 ,刀 ,8,4,printing ,サツ、す-る
738,殺 ,殳 ,10,4,kill ,サツ、（サイ）、（セツ）、ころ-す
739,察 ,宀 ,14,4,guess ,サツ
746,参 ,厶 ,8,4,participate ,サン、まい-る
750,産 ,生 ,11,4,give birth ,サン、う-む、う-まれる、うぶ
752,散 ,攴 ,12,4,scatter ,サン、ち-る、ち-らす、ち-らかす、ち-らかる
756,残 ,歹 ,10,4,remainder ,ザン、のこ-る、のこ-す
759,士 ,士 ,3,4,gentleman ,シ
763,氏 ,氏 ,4,4,family name ,シ、うじ
765,史 ,口 ,5,4,history ,シ
766,司 ,口 ,5,4,director ,シ
797,試 ,言 ,13,4,test ,シ、こころ-みる、ため-す
813,児 ,儿 ,7,4,child ,ジ、（ニ）
816,治 ,水 ,8,4,govern ,ジ、チ、おさ-める、おさ-まる、なお-る、なお-す
821,辞 ,辛 ,13,4,resign ,ジ、や-める
831,失 ,大 ,5,4,lose ,シツ、うしな-う
856,借 ,人 ,10,4,borrow ,シャク、か-りる
874,種 ,禾 ,14,4,kind ,シュ、たね
888,周 ,口 ,8,4,circumference ,シュウ、まわ-り
919,祝 ,示 ,9,4,celebrate ,シュク、（シュウ）、いわ-う
939,順 ,頁 ,12,4,obey ,ジュン
944,初 ,刀 ,7,4,first ,ショ、はじ-め、はじ-めて、はつ、うい、そ-める
971,松 ,木 ,8,4,pine ,ショウ、まつ
980,笑 ,竹 ,10,4,laugh ,ショウ、わら-う、え-む
981,唱 ,口 ,11,4,chant ,ショウ、とな-える
990,焼 ,火 ,12,4,bake ,ショウ、や-く、や-ける
996,象 ,豕 ,12,4,elephant ,ショウ、ゾウ
999,照 ,火 ,13,4,illuminate ,ショウ、て-る、て-らす、て-れる
1005,賞 ,貝 ,15,4,prize ,ショウ
1044,臣 ,臣 ,7,4,retainer ,シン、ジン
1049,信 ,人 ,9,4,trust ,シン
1108,成 ,戈 ,6,4,become ,セイ、（ジョウ）、な-る、な-す
1120,省 ,目 ,9,4,government ministry ,セイ、ショウ、かえり-みる、はぶ-く
1123,清 ,水 ,11,4,pure ,セイ、（ショウ）、きよ-い、きよ-まる、きよ-める
1133,静 ,靑 ,14,4,quiet ,セイ、（ジョウ）、しず、しず-か、しず-まる、しず-める
1144,席 ,巾 ,10,4,seat ,セキ
1151,積 ,禾 ,16,4,accumulate ,セキ、つ-む、つ-もる
1155,折 ,手 ,7,4,fold ,セツ、お-る、おり、お-れる
1162,節 ,竹 ,13,4,node ,セツ、（セチ）、ふし
1163,説 ,言 ,14,4,theory ,セツ、（ゼイ）、と-く
1174,浅 ,水 ,9,4,shallow ,セン、あさ-い
1181,戦 ,戈 ,13,4,war ,セン、いくさ、たたか-う
1192,選 ,辵 ,15,4,choose ,セン、えら-ぶ
1199,然 ,火 ,12,4,so ,ゼン、ネン
1220,争 ,爪 ,6,4,conflict ,ソウ、あらそ-う
1227,倉 ,人 ,10,4,warehouse ,ソウ、くら
1231,巣 ,巛 ,11,4,nest ,ソウ、す
1262,束 ,木 ,7,4,bundle ,ソク、たば
1269,側 ,人 ,11,4,side ,ソク、がわ
1275,続 ,糸 ,13,4,continue ,ゾク、つづ-く、つづ-ける
1276,卒 ,十 ,8,4,graduate ,ソツ
1280,孫 ,子 ,10,4,grandchild ,ソン、まご
1301,帯 ,巾 ,10,4,sash ,タイ、お-びる、おび
1308,隊 ,阜 ,12,4,group ,タイ
1328,達 ,辵 ,12,4,attain ,タツ
1336,単 ,口 ,9,4,simple ,タン
1364,置 ,网 ,13,4,put ,チ、お-く
1377,仲 ,人 ,6,4,relationship ,チュウ、なか
1391,貯 ,貝 ,12,4,savings ,チョ
1395,兆 ,儿 ,6,4,"portent, trillion ",チョウ、きざ-す、きざ-し
1409,腸 ,肉 ,13,4,intestines ,チョウ
1437,低 ,人 ,7,4,low ,テイ、ひく-い、ひく-める、ひく-まる
1442,底 ,广 ,8,4,bottom ,テイ、そこ
1451,停 ,人 ,11,4,halt ,テイ
1460,的 ,白 ,8,4,target ,テキ、まと
1473,典 ,八 ,8,4,code ,テン
1481,伝 ,人 ,6,4,transmit ,デン、つた-わる、つた-える、つた-う
1487,徒 ,彳 ,10,4,junior ,ト
1495,努 ,力 ,7,4,toil ,ド、つと-める
1500,灯 ,火 ,6,4,lamp ,トウ、ひ
1540,堂 ,土 ,11,4,public chamber ,ドウ
1543,働 ,人 ,13,4,work ,ドウ、はたら-く
1549,特 ,牛 ,10,4,special ,トク
1550,得 ,彳 ,11,4,acquire ,トク、え-る、う-る
1554,毒 ,毋 ,8,4,poison ,ドク
1592,熱 ,火 ,15,4,heat ,ネツ、あつ-い
1594,念 ,心 ,8,4,thought ,ネン
1619,敗 ,攴 ,11,4,failure ,ハイ、やぶ-れる
1624,梅 ,木 ,10,4,ume (Japanese apricot) ,バイ、うめ
1637,博 ,十 ,12,4,Dr. ,ハク、（バク）
1672,飯 ,食 ,12,4,meal ,ハン、めし
1693,飛 ,飛 ,9,4,fly ,ヒ、と-ぶ、と-ばす
1699,費 ,貝 ,12,4,expense ,ヒ、つい-やす、つい-える
1712,必 ,心 ,5,4,without fail ,ヒツ、かなら-ず
1720,票 ,示 ,11,4,ballot ,ヒョウ
1723,標 ,木 ,15,4,signpost ,ヒョウ
1736,不 ,一 ,4,4,non- ,フ、ブ
1737,夫 ,大 ,4,4,husband ,フ、（フウ）、おっと
1739,付 ,人 ,5,4,attach ,フ、つ-ける、つ-く
1742,府 ,广 ,8,4,urban prefecture ,フ
1767,副 ,刀 ,11,4,vice ,フク
1778,粉 ,米 ,10,4,flour ,フン、こ、こな
1790,兵 ,八 ,7,4,soldier ,ヘイ、ヒョウ
1805,別 ,刀 ,7,4,separate ,ベツ、わか-れる
1808,辺 ,辵 ,5,4,environs ,ヘン、あた-り、べ
1810,変 ,言 ,9,4,change ,ヘン、か-わる、か-える
1815,便 ,人 ,9,4,convenience ,ベン、ビン、たよ-り
1830,包 ,勹 ,5,4,wrap ,ホウ、つつ-む
1837,法 ,水 ,8,4,method ,ホウ、（ハッ）、（ホッ）
1865,望 ,月 ,11,4,hope ,ボウ、モウ、のぞ-む
1878,牧 ,牛 ,8,4,breed ,ボク、まき
1904,末 ,木 ,5,4,end ,マツ、バツ、すえ
1907,満 ,水 ,12,4,full ,マン、み-ちる、み-たす
1910,未 ,木 ,5,4,not yet ,ミ
1916,脈 ,肉 ,10,4,vein ,ミャク
1918,民 ,氏 ,5,4,people ,ミン、たみ
1922,無 ,火 ,12,4,nothing ,ム、ブ、な-い
1958,約 ,糸 ,9,4,promise ,ヤク
1973,勇 ,力 ,9,4,courage ,ユウ、いさ-む
1996,要 ,襾 ,9,4,need ,ヨウ、かなめ、い-る
2009,養 ,食 ,15,4,foster ,ヨウ、やしな-う
2015,浴 ,水 ,10,4,bathe ,ヨク、あ-びる、あ-びせる
2036,利 ,刀 ,7,4,profit ,リ、き-く
2044,陸 ,阜 ,11,4,land ,リク
2062,良 ,艮 ,7,4,good ,リョウ、よ-い
2063,料 ,斗 ,10,4,fee ,リョウ
2067,量 ,里 ,12,4,quantity ,リョウ、はか-る
2079,輪 ,車 ,15,4,wheel ,リン、わ
2086,類 ,頁 ,18,4,sort ,ルイ、たぐ-い
2087,令 ,人 ,5,4,orders ,レイ
2089,冷 ,冫 ,7,4,cool ,レイ、つめ-たい、ひ-える、ひ-や、ひ-やす、ひ-やかす、さ-める、さ-ます
2092,例 ,人 ,8,4,example ,レイ、たと-える
2100,歴 ,止 ,14,4,curriculum ,レキ
2106,連 ,辵 ,10,4,take along ,レン、つら-なる、つら-ねる、つ-れる
2115,老 ,老 ,6,4,old man ,ロウ、お-いる、ふ-ける
2116,労 ,力 ,7,4,labour ,ロウ
2126,録 ,金 ,16,4,record ,ロク
8,圧 ,土 ,5,5,pressure ,アツ
28,移 ,禾 ,11,5,shift ,イ、うつ-る、うつ-す
48,因 ,囗 ,6,5,cause ,イン、よ-る
68,永 ,水 ,5,5,eternity ,エイ、なが-い
73,営 ,火 ,12,5,manage ,エイ、いとな-む
77,衛 ,行 ,16,5,defense ,エイ
78,易 ,日 ,8,5,easy ,エキ、イ、やさ-しい
80,益 ,皿 ,10,5,benefit ,エキ、（ヤク）
81,液 ,水 ,11,5,fluid ,エキ
101,演 ,水 ,14,5,perform ,エン
108,応 ,心 ,7,5,respond ,オウ、こた-える
109,往 ,彳 ,8,5,outward journey ,オウ
114,桜 ,木 ,10,5,cherry tree ,オウ、さくら
128,恩 ,心 ,10,5,grace ,オン
135,可 ,口 ,5,5,possible ,カ
136,仮 ,人 ,6,5,temporary ,カ、（ケ）、かり
140,価 ,人 ,8,5,value ,カ、あたい
142,河 ,水 ,8,5,river ,カ、かわ
153,過 ,辵 ,12,5,go beyond ,カ、す-ぎる、す-ごす、あやま-つ、あやま-ち
169,賀 ,貝 ,12,5,congratulations ,ガ
176,快 ,心 ,7,5,cheerful ,カイ、こころよ-い
191,解 ,角 ,13,5,untie ,カイ、ゲ、と-く、と-かす、と-ける
214,格 ,木 ,10,5,status ,カク、（コウ）
222,確 ,石 ,15,5,certain ,カク、たし-か、たし-かめる
229,額 ,頁 ,18,5,amount ,ガク、ひたい
248,刊 ,刀 ,5,5,publish ,カン
274,幹 ,干 ,13,5,tree-trunk ,カン、みき
277,慣 ,心 ,14,5,accustomed ,カン、な-れる、な-らす
297,眼 ,目 ,11,5,eyeball ,ガン、（ゲン）、まなこ
321,基 ,土 ,11,5,foundation ,キ、もと、もとい
322,寄 ,宀 ,11,5,approach ,キ、よ-る、よ-せる
323,規 ,見 ,11,5,rule ,キ
339,技 ,手 ,7,5,skill ,ギ、わざ
343,義 ,羊 ,13,5,righteousness ,ギ
357,逆 ,辵 ,9,5,inverted ,ギャク、さか、さか-らう
360,久 ,丿 ,3,5,long time ,キュウ、（ク）、ひさ-しい
364,旧 ,臼 ,5,5,old times ,キュウ
384,居 ,尸 ,8,5,reside ,キョ、い-る
389,許 ,言 ,11,5,permit ,キョ、ゆる-す
413,境 ,土 ,14,5,boundary ,キョウ、（ケイ）、さかい
430,均 ,土 ,7,5,level ,キン
438,禁 ,示 ,13,5,prohibition ,キン
446,句 ,口 ,5,5,phrase ,ク
468,群 ,羊 ,13,5,flock ,グン、む-れる、む-れ、（むら）
483,経 ,糸 ,11,5,manage ,ケイ、キョウ、へ-る
512,潔 ,水 ,15,5,undefiled ,ケツ、いさぎよ-い
515,件 ,人 ,6,5,affair ,ケン
517,券 ,刀 ,8,5,ticket ,ケン
528,険 ,阜 ,11,5,precipitous ,ケン、けわ-しい
531,検 ,木 ,12,5,examine ,ケン
550,限 ,阜 ,9,5,limit ,ゲン、かぎ-る
552,現 ,玉 ,11,5,appear ,ゲン、あらわ-れる、あらわ-す
554,減 ,水 ,12,5,decrease ,ゲン、へ-る、へ-らす
566,故 ,攴 ,9,5,circumstances ,コ、ゆえ
568,個 ,人 ,10,5,individual ,コ
586,護 ,言 ,20,5,safeguard ,ゴ
609,効 ,力 ,8,5,effect ,コウ、き-く
614,厚 ,厂 ,9,5,thick ,コウ、あつ-い
624,耕 ,耒 ,10,5,till ,コウ、たがや-す
640,鉱 ,金 ,13,5,mineral ,コウ
641,構 ,木 ,14,5,construct ,コウ、かま-える、かま-う
645,興 ,臼 ,16,5,entertain ,コウ、キョウ、おこ-る、おこ-す
648,講 ,言 ,17,5,lecture ,コウ
676,混 ,水 ,11,5,mix ,コン、ま-じる、ま-ざる、ま-ぜる、こ-む
685,査 ,木 ,9,5,investigate ,サ
694,再 ,冂 ,6,5,again ,サイ、（サ）、ふたた-び
695,災 ,火 ,7,5,disaster ,サイ、わざわ-い
696,妻 ,女 ,8,5,wife ,サイ、つま
702,採 ,手 ,11,5,pick ,サイ、と-る
715,際 ,阜 ,14,5,occasion ,サイ、きわ
717,在 ,土 ,6,5,exist ,ザイ、あ-る
720,財 ,貝 ,10,5,wealth ,ザイ、（サイ）
721,罪 ,网 ,13,5,guilt ,ザイ、つみ
742,雑 ,隹 ,14,5,miscellaneous ,ザツ、ゾウ
754,酸 ,酉 ,14,5,acid ,サン、す-い
755,賛 ,貝 ,15,5,approve ,サン
761,支 ,支 ,4,5,branch ,シ、ささ-える
775,志 ,心 ,7,5,intention ,シ、こころざ-す、こころざし
781,枝 ,木 ,8,5,branch ,シ、えだ
788,師 ,巾 ,10,5,expert ,シ
799,資 ,貝 ,13,5,resources ,シ
800,飼 ,食 ,13,5,domesticate ,シ、か-う
806,示 ,示 ,5,5,indicate ,ジ、シ、しめ-す
812,似 ,人 ,7,5,becoming ,ジ、に-る
827,識 ,言 ,19,5,discriminating ,シキ
838,質 ,貝 ,15,5,quality ,シツ、シチ、（チ）
844,舎 ,舌 ,8,5,cottage ,シャ
852,謝 ,言 ,17,5,apologize ,シャ、あやま-る
879,授 ,手 ,11,5,instruct ,ジュ、さず-ける、さず-かる
893,修 ,人 ,10,5,discipline ,シュウ、（シュ）、おさ-める、おさ-まる
927,述 ,辵 ,8,5,mention ,ジュツ、の-べる
928,術 ,行 ,11,5,art ,ジュツ
940,準 ,水 ,13,5,standard ,ジュン
955,序 ,广 ,7,5,preface ,ジョ
968,招 ,手 ,8,5,beckon ,ショウ、まね-く
969,承 ,手 ,8,5,acquiesce ,ショウ、うけたまわ-る
995,証 ,言 ,12,5,evidence ,ショウ
1012,条 ,木 ,7,5,clause ,ジョウ
1013,状 ,犬 ,7,5,form ,ジョウ
1018,常 ,巾 ,11,5,normal ,ジョウ、つね、とこ
1019,情 ,心 ,11,5,feelings ,ジョウ、（セイ）、なさ-け
1037,織 ,糸 ,18,5,weave ,ショク、シキ、お-る
1038,職 ,耳 ,18,5,employment ,ショク
1111,制 ,刀 ,8,5,control ,セイ
1114,性 ,心 ,8,5,gender ,セイ、ショウ
1117,政 ,攴 ,9,5,politics ,セイ、（ショウ）、まつりごと
1127,勢 ,力 ,13,5,power ,セイ、いきお-い
1130,精 ,米 ,14,5,refined ,セイ、（ショウ）
1131,製 ,衣 ,14,5,manufacture ,セイ
1137,税 ,禾 ,12,5,tax ,ゼイ
1149,責 ,貝 ,11,5,blame ,セキ、せ-める
1152,績 ,糸 ,17,5,exploits ,セキ
1158,接 ,手 ,11,5,contact ,セツ、つ-ぐ
1159,設 ,言 ,11,5,establish ,セツ、もう-ける
1164,舌 ,舌 ,6,5,tongue ,ゼツ、した
1165,絶 ,糸 ,12,5,discontinue ,ゼツ、た-える、た-やす、た-つ
1188,銭 ,金 ,14,5,coin ,セン、ぜに
1206,祖 ,示 ,9,5,ancestor ,ソ
1208,素 ,糸 ,10,5,elementary ,ソ、ス
1245,総 ,糸 ,14,5,whole ,ソウ
1254,造 ,辵 ,10,5,create ,ゾウ、つく-る
1255,像 ,人 ,14,5,statue ,ゾウ
1256,増 ,土 ,14,5,increase ,ゾウ、ま-す、ふ-える、ふ-やす
1265,則 ,刀 ,9,5,rule ,ソク
1270,測 ,水 ,12,5,fathom ,ソク、はか-る
1273,属 ,尸 ,12,5,belong ,ゾク
1277,率 ,玄 ,11,5,rate ,ソツ、リツ、ひき-いる
1282,損 ,手 ,13,5,loss ,ソン、そこ-なう、そこ-ねる
1300,退 ,辵 ,9,5,retreat ,タイ、しりぞ-く、しりぞ-ける
1307,貸 ,貝 ,12,5,lend ,タイ、か-す
1310,態 ,心 ,14,5,condition ,タイ
1347,団 ,囗 ,6,5,group ,ダン、（トン）
1350,断 ,斤 ,11,5,cut off ,ダン、た-つ、ことわ-る
1370,築 ,竹 ,16,5,fabricate ,チク、きず-く
1400,張 ,弓 ,11,5,stretch ,チョウ、は-る
1454,提 ,手 ,12,5,present ,テイ、さ-げる
1455,程 ,禾 ,12,5,extent ,テイ、ほど
1464,適 ,辵 ,14,5,suitable ,テキ
1465,敵 ,攴 ,15,5,enemy ,テキ、かたき
1527,統 ,糸 ,12,5,unite ,トウ、す-べる
1544,銅 ,金 ,14,5,copper ,ドウ
1545,導 ,寸 ,15,5,guide ,ドウ、みちび-く
1552,徳 ,彳 ,14,5,benevolence ,トク
1555,独 ,犬 ,9,5,alone ,ドク、ひと-り
1587,任 ,人 ,6,5,responsibility ,ニン、まか-せる、まか-す
1597,燃 ,火 ,16,5,burn ,ネン、も-える、も-やす、も-す
1600,能 ,肉 ,10,5,ability ,ノウ
1607,破 ,石 ,10,5,rend ,ハ、やぶ-る、やぶ-れる
1658,犯 ,犬 ,5,5,crime ,ハン、おか-す
1662,判 ,刀 ,7,5,judge ,ハン、バン
1666,版 ,片 ,8,5,printing block ,ハン
1683,比 ,比 ,4,5,compare ,ヒ、くら-べる
1690,肥 ,肉 ,8,5,fertilizer ,ヒ、こ-える、こえ、こ-やす、こ-やし
1691,非 ,非 ,8,5,negative ,ヒ
1706,備 ,人 ,12,5,provide ,ビ、そな-える、そな-わる
1719,俵 ,人 ,10,5,bag ,ヒョウ、たわら
1721,評 ,言 ,12,5,evaluate ,ヒョウ
1731,貧 ,貝 ,11,5,poor ,ヒン、ビン、まず-しい
1740,布 ,巾 ,5,5,linen ,フ、ぬの
1750,婦 ,女 ,11,5,lady ,フ
1752,富 ,宀 ,12,5,rich ,フ、（フウ）、と-む、とみ
1760,武 ,止 ,8,5,military ,ブ、ム
1769,復 ,彳 ,12,5,again ,フク
1772,複 ,衣 ,14,5,duplicate ,フク
1776,仏 ,人 ,4,5,Buddha ,ブツ、ほとけ
1813,編 ,糸 ,15,5,compile ,ヘン、あ-む
1814,弁 ,廾 ,5,5,valve ,ベン
1818,保 ,人 ,9,5,preserve ,ホ、たも-つ
1825,墓 ,土 ,13,5,grave ,ボ、はか
1846,報 ,土 ,12,5,report ,ホウ、むく-いる
1848,豊 ,豆 ,13,5,bountiful ,ホウ、ゆた-か
1858,防 ,阜 ,7,5,prevent ,ボウ、ふせ-ぐ
1869,貿 ,貝 ,12,5,trade ,ボウ
1871,暴 ,日 ,15,5,outburst ,ボウ、（バク）、あば-く、あば-れる
1921,務 ,力 ,11,5,duty ,ム、つと-める、つと-まる
1923,夢 ,夕 ,13,5,dream ,ム、ゆめ
1929,迷 ,辵 ,9,5,astray ,メイ、まよ-う
1937,綿 ,糸 ,14,5,cotton ,メン、わた
1968,輸 ,車 ,16,5,transport ,ユ
1988,余 ,食 ,7,5,leave over ,ヨ、あま-る、あま-す
1990,預 ,頁 ,13,5,deposit ,ヨ、あず-ける、あず-かる
1997,容 ,宀 ,10,5,contain ,ヨウ
2048,略 ,田 ,11,5,abbreviation ,リャク
2051,留 ,田 ,10,5,detain ,リュウ、（ル）、と-める、と-まる
2069,領 ,頁 ,14,5,territory ,リョウ
27,異 ,田 ,11,6,uncommon ,イ、こと
37,遺 ,辵 ,15,6,bequeath ,イ、（ユイ）
39,域 ,土 ,11,6,range ,イキ
59,宇 ,宀 ,6,6,eaves ,ウ
71,映 ,日 ,9,6,reflect ,エイ、うつ-る、うつ-す、は-える
88,延 ,廴 ,8,6,prolong ,エン、の-びる、の-べる、の-ばす
89,沿 ,水 ,8,6,run alongside ,エン、そ-う
166,我 ,戈 ,7,6,ego ,ガ、われ、わ
174,灰 ,火 ,6,6,ashes ,カイ、はい
212,拡 ,手 ,8,6,broaden ,カク
213,革 ,革 ,9,6,leather ,カク、かわ
221,閣 ,門 ,14,6,tall ,カク
237,割 ,刀 ,12,6,divide ,カツ、わ-る、わり、わ-れる、さ-く
243,株 ,木 ,10,6,stocks ,かぶ
247,干 ,干 ,3,6,dry ,カン、ほ-す、ひ-る
256,巻 ,卩 ,9,6,scroll ,カン、ま-く、まき
257,看 ,目 ,9,6,watch over ,カン
287,簡 ,竹 ,18,6,simplicity ,カン
303,危 ,卩 ,6,6,dangerous ,キ、あぶ-ない、あや-うい、あや-ぶむ
304,机 ,木 ,6,6,desk ,キ、つくえ
327,揮 ,手 ,12,6,brandish ,キ
330,貴 ,貝 ,12,6,precious ,キ、たっと-い、とうと-い、たっと-ぶ、とうと-ぶ
344,疑 ,疋 ,14,6,doubt ,ギ、うたが-う
366,吸 ,口 ,6,6,suck ,キュウ、す-う
400,供 ,人 ,8,6,offer ,キョウ、（ク）、そな-える、とも
408,胸 ,肉 ,10,6,bosom ,キョウ、むね、（むな）
412,郷 ,邑 ,11,6,home town ,キョウ、ゴウ
434,勤 ,力 ,12,6,diligence ,キン、（ゴン）、つと-める、つと-まる
436,筋 ,竹 ,12,6,muscle ,キン、すじ
472,系 ,糸 ,7,6,lineage ,ケイ
485,敬 ,攴 ,12,6,respect ,ケイ、うやま-う
496,警 ,言 ,19,6,guard against ,ケイ
502,劇 ,刀 ,15,6,drama ,ゲキ
504,激 ,水 ,16,6,violent ,ゲキ、はげ-しい
507,穴 ,穴 ,5,6,hole ,ケツ、あな
534,絹 ,糸 ,13,6,silk ,ケン、きぬ
536,権 ,木 ,15,6,rights ,ケン、（ゴン）
537,憲 ,心 ,16,6,constitution ,ケン
555,源 ,水 ,13,6,origin ,ゲン、みなもと
556,厳 ,口 ,17,6,strict ,ゲン、（ゴン）、おごそ-か、きび-しい
557,己 ,己 ,3,6,self ,コ、キ、おのれ
560,呼 ,口 ,8,6,call ,コ、よ-ぶ
585,誤 ,言 ,14,6,mistake ,ゴ、あやま-る
599,后 ,口 ,6,6,empress ,コウ
605,孝 ,子 ,7,6,filial piety ,コウ
617,皇 ,白 ,9,6,emperor ,コウ、オウ
618,紅 ,糸 ,9,6,deep red ,コウ、（ク）、べに、くれない
627,降 ,阜 ,10,6,descend ,コウ、お-りる、お-ろす、ふ-る
647,鋼 ,金 ,16,6,steel ,コウ、はがね
660,刻 ,刀 ,8,6,engrave ,コク、きざ-む
663,穀 ,禾 ,14,6,cereals ,コク
666,骨 ,骨 ,10,6,bone ,コツ、ほね
671,困 ,囗 ,7,6,become distressed ,コン、こま-る
686,砂 ,石 ,9,6,sand ,サ、シャ、すな
691,座 ,广 ,10,6,sit ,ザ、すわ-る
703,済 ,水 ,11,6,settle ,サイ、す-む、す-ます
709,裁 ,衣 ,12,6,judge ,サイ、た-つ、さば-く
728,策 ,竹 ,12,6,scheme ,サク
733,冊 ,冂 ,5,6,counter for books ,サツ、サク
748,蚕 ,虫 ,10,6,silkworm ,サン、かいこ
773,至 ,至 ,6,6,climax ,シ、いた-る
776,私 ,禾 ,7,6,me ,シ、わたくし、わたし
784,姿 ,女 ,9,6,figure ,シ、すがた
792,視 ,見 ,11,6,look at ,シ
794,詞 ,言 ,12,6,poetry ,シ
801,誌 ,言 ,14,6,document ,シ
822,磁 ,石 ,14,6,magnet ,ジ
846,射 ,寸 ,10,6,shoot ,シャ、い-る
847,捨 ,手 ,11,6,throw away ,シャ、す-てる
855,尺 ,尸 ,4,6,shaku ,シャク
860,若 ,艸 ,8,6,young ,ジャク、（ニャク）、わか-い、も-しくは
882,樹 ,木 ,16,6,trees ,ジュ
883,収 ,攴 ,4,6,take in ,シュウ、おさ-める、おさ-まる
889,宗 ,宀 ,8,6,religion ,シュウ、ソウ
899,就 ,尢 ,12,6,concerning ,シュウ、（ジュ）、つ-く、つ-ける
900,衆 ,血 ,12,6,masses ,シュウ、（シュ）
913,従 ,彳 ,10,6,obey ,ジュウ、（ショウ）、（ジュ）、したが-う、したが-える
917,縦 ,糸 ,16,6,vertical ,ジュウ、たて
923,縮 ,糸 ,17,6,shrink ,シュク、ちぢ-む、ちぢ-まる、ちぢ-める、ちぢ-れる、ちぢ-らす
925,熟 ,火 ,15,6,ripen ,ジュク、う-れる
937,純 ,糸 ,10,6,genuine ,ジュン
943,処 ,虍 ,5,6,dispose ,ショ
949,署 ,网 ,13,6,government office ,ショ
951,諸 ,言 ,15,6,various ,ショ
958,除 ,阜 ,10,6,exclude ,ジョ、（ジ）、のぞ-く
975,将 ,寸 ,10,6,leader ,ショウ
997,傷 ,人 ,13,6,wound ,ショウ、きず、いた-む、いた-める
1002,障 ,阜 ,14,6,hurt ,ショウ、さわ-る
1015,城 ,土 ,9,6,castle ,ジョウ、しろ
1022,蒸 ,艸 ,13,6,steam ,ジョウ、む-す、む-れる、む-らす
1057,針 ,金 ,10,6,needle ,シン、はり
1072,仁 ,人 ,4,6,humanity ,ジン、（ニ）
1083,垂 ,土 ,8,6,droop ,スイ、た-れる、た-らす
1088,推 ,手 ,11,6,infer ,スイ、お-す
1101,寸 ,寸 ,3,6,measurement ,スン
1124,盛 ,皿 ,11,6,prosper ,セイ、（ジョウ）、も-る、さか-る、さか-ん
1128,聖 ,耳 ,13,6,holy ,セイ
1129,誠 ,言 ,13,6,sincerity ,セイ、まこと
1171,宣 ,宀 ,9,6,proclaim ,セン
1172,専 ,寸 ,9,6,specialty ,セン、もっぱ-ら
1173,泉 ,水 ,9,6,spring ,セン、いずみ
1175,洗 ,水 ,9,6,wash ,セン、あら-う
1176,染 ,木 ,9,6,dye ,セン、そ-める、そ-まる、し-みる、し-み
1198,善 ,口 ,12,6,good ,ゼン、よ-い
1222,奏 ,大 ,9,6,play music ,ソウ、かな-でる
1236,窓 ,穴 ,11,6,window ,ソウ、まど
1237,創 ,刀 ,12,6,create ,ソウ、つく-る
1241,装 ,衣 ,12,6,attire ,ソウ、ショウ、よそお-う
1244,層 ,尸 ,14,6,stratum ,ソウ
1249,操 ,手 ,16,6,maneuver ,ソウ、みさお、あやつ-る
1258,蔵 ,艸 ,15,6,warehouse ,ゾウ、くら
1260,臓 ,肉 ,19,6,entrails ,ゾウ
1278,存 ,子 ,6,6,suppose ,ソン、ゾン
1281,尊 ,寸 ,12,6,revered ,ソン、たっと-い、とうと-い、たっと-ぶ、とうと-ぶ
1318,宅 ,宀 ,6,6,home ,タク
1335,担 ,手 ,8,6,shouldering ,タン、かつ-ぐ、にな-う
1339,探 ,手 ,11,6,grope ,タン、さぐ-る、さが-す
1345,誕 ,言 ,15,6,nativity ,タン
1349,段 ,殳 ,9,6,steps ,ダン
1352,暖 ,日 ,13,6,warmth ,ダン、あたた-か、あたた-かい、あたた-まる、あたた-める
1358,値 ,人 ,10,6,value ,チ、ね、あたい
1380,宙 ,宀 ,8,6,mid-air ,チュウ
1381,忠 ,心 ,8,6,loyalty ,チュウ
1390,著 ,艸 ,11,6,renowned ,チョ、あらわ-す、いちじる-しい
1394,庁 ,广 ,5,6,government office ,チョウ
1404,頂 ,頁 ,11,6,place on the head ,チョウ、いただ-く、いただき
1413,潮 ,水 ,15,6,tide ,チョウ、しお
1425,賃 ,貝 ,13,6,fare ,チン
1431,痛 ,疒 ,12,6,pain ,ツウ、いた-い、いた-む、いた-める
1476,展 ,尸 ,10,6,expand ,テン
1512,討 ,言 ,10,6,chastise ,トウ、う-つ
1514,党 ,黑 ,10,6,group ,トウ
1530,糖 ,米 ,16,6,sugar ,トウ
1560,届 ,尸 ,8,6,deliver ,とど-ける、とど-く
1576,難 ,隹 ,18,6,difficult ,ナン、かた-い、むずか-しい
1585,乳 ,乙 ,8,6,milk ,ニュウ、ちち、ち
1590,認 ,言 ,14,6,recognize ,ニン、みと-める
1599,納 ,糸 ,10,6,settlement ,ノウ、（ナッ）、（ナ）、（ナン）、（トウ）、おさ-める、おさ-まる
1601,脳 ,肉 ,11,6,brain ,ノウ
1606,派 ,水 ,9,6,sect ,ハ
1612,拝 ,手 ,8,6,worship ,ハイ、おが-む
1614,背 ,肉 ,9,6,back ,ハイ、せ、せい、そむ-く、そむ-ける
1615,肺 ,肉 ,9,6,lungs ,ハイ
1616,俳 ,人 ,10,6,haiku ,ハイ
1667,班 ,玉 ,10,6,squad ,ハン
1679,晩 ,日 ,12,6,nightfall ,バン
1686,否 ,口 ,7,6,negate ,ヒ、いな
1687,批 ,手 ,7,6,criticism ,ヒ
1695,秘 ,示 ,10,6,secret ,ヒ、ひ-める
1771,腹 ,肉 ,13,6,abdomen ,フク、はら
1784,奮 ,大 ,16,6,stirred up ,フン、ふる-う
1792,並 ,立 ,8,6,line-up ,ヘイ、なみ、なら-べる、なら-ぶ、なら-びに
1794,陛 ,阜 ,10,6,highness ,ヘイ
1795,閉 ,門 ,11,6,closed ,ヘイ、と-じる、と-ざす、し-める、し-まる
1807,片 ,片 ,4,6,one-sided ,ヘン、かた
1821,補 ,衣 ,12,6,supplement ,ホ、おぎな-う
1827,暮 ,日 ,14,6,livelihood ,ボ、く-れる、く-らす
1834,宝 ,宀 ,8,6,treasure ,ホウ、たから
1845,訪 ,言 ,11,6,visit ,ホウ、おとず-れる、たず-ねる
1852,亡 ,亠 ,3,6,deceased ,ボウ、（モウ）、な-い
1857,忘 ,心 ,7,6,forget ,ボウ、わす-れる
1868,棒 ,木 ,12,6,rod ,ボウ
1897,枚 ,木 ,8,6,sheet of... ,マイ
1900,幕 ,巾 ,13,6,curtain ,マク、バク
1914,密 ,宀 ,11,6,secrecy ,ミツ
1931,盟 ,皿 ,13,6,alliance ,メイ
1940,模 ,木 ,14,6,imitation ,モ、ボ
1959,訳 ,言 ,11,6,translate ,ヤク、わけ
1976,郵 ,邑 ,11,6,mail ,ユウ
1985,優 ,人 ,17,6,superior ,ユウ、やさ-しい、すぐ-れる
1991,幼 ,幺 ,5,6,infancy ,ヨウ、おさな-い
2016,欲 ,欠 ,11,6,longing ,ヨク、ほっ-する、ほ-しい
2017,翌 ,羽 ,11,6,the following ,ヨク
2029,乱 ,乙 ,7,6,riot ,ラン、みだ-れる、みだ-す
2030,卵 ,卩 ,7,6,egg ,ラン、たまご
2031,覧 ,見 ,17,6,perusal ,ラン
2040,裏 ,衣 ,13,6,back ,リ、うら
2046,律 ,彳 ,9,6,law ,リツ、（リチ）
2081,臨 ,臣 ,18,6,look to ,リン、のぞ-む
2119,朗 ,月 ,10,6,melodious ,ロウ、ほが-らか
2128,論 ,言 ,15,6,theory ,ロン
1,亜 ,二 ,7,S ,sub- ,ア
2,哀 ,口 ,9,S ,pathetic ,アイ、あわ-れ、あわ-れむ
3,挨 ,手 ,10,S ,push open ,アイ
5,曖 ,日 ,17,S ,not clear ,アイ
7,握 ,手 ,12,S ,grip ,アク、にぎ-る
9,扱 ,手 ,6,S ,handle ,あつか-う
10,宛 ,宀 ,8,S ,allocate ,あ-てる
11,嵐 ,山 ,12,S ,storm ,あらし
20,依 ,人 ,8,S ,reliant ,イ、（エ）
22,威 ,女 ,9,S ,intimidate ,イ
23,為 ,爪 ,9,S ,do ,イ
24,畏 ,田 ,9,S ,fear ,イ、おそ-れる
26,尉 ,寸 ,11,S ,military officer ,イ
29,萎 ,艸 ,11,S ,wither ,イ、な-える
30,偉 ,人 ,12,S ,admirable ,イ、えら-い
31,椅 ,木 ,12,S ,chair ,イ
32,彙 ,彐 ,13,S ,same kind ,イ
34,違 ,辵 ,13,S ,differ ,イ、ちが-う、ちが-える
35,維 ,糸 ,14,S ,fiber ,イ
36,慰 ,心 ,15,S ,consolation ,イ、なぐさ-める、なぐさ-む
38,緯 ,糸 ,16,S ,horizontal ,イ
42,壱 ,士 ,7,S ,one (falsification prevention) ,イチ
43,逸 ,辵 ,11,S ,deviate ,イツ
44,茨 [5] ,艸 ,9,S ,thorn ,（いばら）[6]
45,芋 ,艸 ,6,S ,potato ,いも
49,咽 ,口 ,9,S ,throat ,イン
50,姻 ,女 ,9,S ,matrimony ,イン
53,淫 [7] ,水 ,11,S ,lewdness ,イン、みだ-ら
54,陰 ,阜 ,11,S ,shade ,イン、かげ、かげ-る
56,隠 ,阜 ,14,S ,conceal ,イン、かく-す、かく-れる
57,韻 ,音 ,19,S ,rhyme ,イン
62,唄 ,口 ,10,S ,songs with shamisen ,（うた）
63,鬱 ,鬯 ,29,S ,gloom ,ウツ
64,畝 ,田 ,10,S ,furrow ,うね
65,浦 ,水 ,10,S ,bay ,うら
74,詠 ,言 ,12,S ,recitation ,エイ、よ-む
75,影 ,彡 ,15,S ,shadow ,エイ、かげ
76,鋭 ,金 ,15,S ,pointed ,エイ、するど-い
79,疫 ,疒 ,9,S ,epidemic ,エキ、（ヤク）
83,悦 ,心 ,10,S ,ecstasy ,エツ
84,越 ,走 ,12,S ,cross over ,エツ、こ-す、こ-える
85,謁 ,言 ,15,S ,audience ,エツ
86,閲 ,門 ,15,S ,review ,エツ
90,炎 ,火 ,8,S ,inflammation ,エン、ほのお
91,怨 ,心 ,9,S ,grudge ,エン、オン
92,宴 ,宀 ,10,S ,banquet ,エン
93,媛 ,女 ,12,S ,princess ,エン
94,援 ,手 ,12,S ,aid ,エン
96,煙 ,火 ,13,S ,smoke ,エン、けむ-る、けむり、けむ-い
97,猿 ,犬 ,13,S ,monkey ,エン、さる
99,鉛 ,金 ,13,S ,lead ,エン、なまり
102,縁 ,糸 ,15,S ,affinity ,エン、ふち
103,艶 ,色 ,19,S ,glossy ,エン、つや
104,汚 ,水 ,6,S ,dirty ,オ、けが-す、けが-れる、けが-らわしい、よご-す、よご-れる、きたな-い
106,凹 ,凵 ,5,S ,concave ,オウ
110,押 ,手 ,8,S ,push ,オウ、お-す、お-さえる
111,旺 ,日 ,8,S ,flourishing ,オウ
112,欧 ,欠 ,8,S ,Europe ,オウ
113,殴 ,殳 ,8,S ,assault ,オウ、なぐ-る
115,翁 ,羽 ,10,S ,venerable old man ,オウ
116,奥 ,大 ,12,S ,heart ,オウ、おく
118,岡 ,山 ,8,S ,hill ,（おか）[6]
121,憶 ,心 ,16,S ,recollection ,オク
122,臆 ,肉 ,17,S ,timidity ,オク
123,虞 ,虍 ,13,S ,uneasiness ,おそれ
124,乙 ,乙 ,1,S ,the latter ,オツ
125,俺 ,人 ,10,S ,"I, we ",おれ
126,卸 ,卩 ,9,S ,wholesale ,おろ-す、おろし
130,穏 ,禾 ,16,S ,calm ,オン、おだ-やか
139,佳 ,人 ,8,S ,excellent ,カ
143,苛 ,艸 ,8,S ,torment ,カ
145,架 ,木 ,9,S ,rack ,カ、か-ける、か-かる
149,華 ,艸 ,10,S ,splendor ,カ、（ケ）、はな
150,菓 ,艸 ,11,S ,confectionery ,カ
152,渦 ,水 ,12,S ,whirlpool ,カ、うず
154,嫁 ,女 ,13,S ,marry into ,カ、よめ、とつ-ぐ
155,暇 ,日 ,13,S ,spare time ,カ、ひま
156,禍 ,示 ,13,S ,calamity ,カ
157,靴 ,革 ,13,S ,shoes ,カ、くつ
158,寡 ,宀 ,14,S ,widow ,カ
160,箇 ,竹 ,14,S ,counters for things ,カ
161,稼 ,禾 ,15,S ,earnings ,カ、かせ-ぐ
163,蚊 ,虫 ,10,S ,mosquito ,か
164,牙 [5] ,牙 ,4,S ,tusk ,ガ、（ゲ）、きば
165,瓦 ,瓦 ,5,S ,tile ,ガ、かわら
170,雅 ,隹 ,13,S ,gracious ,ガ
171,餓 ,食 ,15,S ,starve ,ガ
172,介 ,人 ,4,S ,jammed in ,カイ
177,戒 ,戈 ,7,S ,commandment ,カイ、いまし-める
179,怪 ,心 ,8,S ,suspicious ,カイ、あや-しい、あや-しむ
180,拐 ,手 ,8,S ,kidnap ,カイ
181,悔 ,心 ,9,S ,repent ,カイ、く-いる、く-やむ、くや-しい
184,皆 ,白 ,9,S ,all ,カイ、みな
189,塊 ,土 ,13,S ,clod ,カイ、かたまり
190,楷 ,木 ,13,S ,square character style ,カイ
192,潰 ,水 ,15,S ,crush ,カイ、つぶ-す、つぶ-れる
193,壊 ,土 ,16,S ,demolition ,カイ、こわ-す、こわ-れる
194,懐 ,心 ,16,S ,pocket ,カイ、ふところ、なつ-かしい、なつ-かしむ、なつ-く、なつ-ける
195,諧 ,言 ,16,S ,harmony ,カイ
198,劾 ,力 ,8,S ,censure ,ガイ
200,崖 ,山 ,11,S ,cliff ,ガイ、がけ
201,涯 ,水 ,11,S ,horizon ,ガイ
203,慨 ,心 ,13,S ,rue ,ガイ
204,蓋 ,艸 ,13,S ,cover ,ガイ、ふた
205,該 ,言 ,13,S ,above-stated ,ガイ
206,概 ,木 ,14,S ,outline ,ガイ
207,骸 ,骨 ,16,S ,dead remains ,ガイ
208,垣 ,土 ,9,S ,hedge ,かき
209,柿 ,木 ,9,S ,persimmon ,かき
215,核 ,木 ,10,S ,nucleus ,カク
216,殻 ,殳 ,11,S ,husk ,カク、から
217,郭 ,邑 ,11,S ,enclosure ,カク
219,較 ,車 ,13,S ,contrast ,カク
220,隔 ,阜 ,13,S ,isolate ,カク、へだ-てる、へだ-たる
223,獲 ,犬 ,16,S ,seize ,カク、え-る
224,嚇 ,口 ,17,S ,menacing ,カク
225,穫 ,禾 ,18,S ,harvest ,カク
227,岳 ,山 ,8,S ,point ,ガク、たけ
230,顎 ,頁 ,18,S ,jaw ,ガク、あご
231,掛 ,手 ,11,S ,hang ,か-ける、か-かる、かかり
232,潟 ,水 ,15,S ,lagoon ,かた
233,括 ,手 ,9,S ,fasten ,カツ
235,喝 ,口 ,11,S ,hoarse ,カツ
236,渇 ,水 ,11,S ,thirst ,カツ、かわ-く
238,葛 [7] ,艸 ,12,S ,arrowroot ,カツ、くず
239,滑 ,水 ,13,S ,slippery ,カツ、コツ、すべ-る、なめ-らか
240,褐 ,衣 ,13,S ,brown ,カツ
241,轄 ,車 ,17,S ,control ,カツ
242,且 ,一 ,5,S ,moreover ,か-つ
244,釜 ,金 ,10,S ,kettle ,かま
245,鎌 ,金 ,18,S ,sickle ,かま
246,刈 ,刀 ,4,S ,reap ,か-る
249,甘 ,甘 ,5,S ,sweet ,カン、あま-い、あま-える、あま-やかす
250,汗 ,水 ,6,S ,sweat ,カン、あせ
251,缶 ,缶 ,6,S ,tin can ,カン
253,肝 ,肉 ,7,S ,liver ,カン、きも
255,冠 ,冖 ,9,S ,crown ,カン、かんむり
258,陥 ,阜 ,10,S ,collapse ,カン、おちい-る、おとしい-れる
259,乾 ,乙 ,11,S ,dry ,カン、かわ-く、かわ-かす
260,勘 ,力 ,11,S ,intuition ,カン
261,患 ,心 ,11,S ,afflicted ,カン、わずら-う
262,貫 ,貝 ,11,S ,pierce ,カン、つらぬ-く
264,喚 ,口 ,12,S ,yell ,カン
265,堪 ,土 ,12,S ,withstand ,カン、た-える
266,換 ,手 ,12,S ,interchange ,カン、か-える、か-わる
267,敢 ,攴 ,12,S ,daring ,カン
268,棺 ,木 ,12,S ,coffin ,カン
269,款 ,欠 ,12,S ,goodwill ,カン
271,閑 ,門 ,12,S ,leisure ,カン
272,勧 ,力 ,13,S ,persuade ,カン、すす-める
273,寛 ,宀 ,13,S ,tolerant ,カン
280,歓 ,欠 ,15,S ,delight ,カン
281,監 ,皿 ,15,S ,oversee ,カン
282,緩 ,糸 ,15,S ,slacken ,カン、ゆる-い、ゆる-やか、ゆる-む、ゆる-める
283,憾 ,心 ,16,S ,remorse ,カン
284,還 ,辵 ,16,S ,send back ,カン
286,環 ,玉 ,17,S ,ring ,カン
289,韓 [5] ,韋 ,18,S ,Korea ,カン
290,艦 ,舟 ,21,S ,warship ,カン
291,鑑 ,金 ,23,S ,specimen ,カン、かんが-みる
293,含 ,口 ,7,S ,include ,ガン、ふく-む、ふく-める
296,玩 ,玉 ,8,S ,trifle with ,ガン
298,頑 ,頁 ,13,S ,stubborn ,ガン
301,企 ,人 ,6,S ,plan ,キ、くわだ-てる
302,伎 ,人 ,6,S ,deed ,キ
306,岐 ,山 ,7,S ,branch off ,キ
308,忌 ,心 ,7,S ,mourning ,キ、い-む、い-まわしい
310,奇 ,大 ,8,S ,strange ,キ
311,祈 ,示 ,8,S ,pray ,キ、いの-る
314,軌 ,車 ,9,S ,rut ,キ
315,既 ,无 ,10,S ,previously ,キ、すで-に
318,飢 ,食 ,10,S ,hungry ,キ、う-える
319,鬼 ,鬼 ,10,S ,ghost ,キ、おに
324,亀 ,龜 ,11,S ,turtle ,キ、かめ
326,幾 ,幺 ,12,S ,how many ,キ、いく
329,棋 ,木 ,12,S ,chess piece ,キ
331,棄 ,木 ,13,S ,abandon ,キ
332,毀 ,殳 ,13,S ,destroy ,キ
335,畿 ,田 ,15,S ,capital ,キ
336,輝 ,車 ,15,S ,radiance ,キ、かがや-く
338,騎 ,馬 ,18,S ,equestrian ,キ
340,宜 ,宀 ,8,S ,best regards ,ギ
341,偽 ,人 ,11,S ,falsehood ,ギ、いつわ-る、にせ
342,欺 ,欠 ,12,S ,deceit ,ギ、あざむ-く
345,儀 ,人 ,15,S ,ceremony ,ギ
346,戯 ,戈 ,15,S ,frolic ,ギ、たわむ-れる
347,擬 ,手 ,17,S ,mimic ,ギ
348,犠 ,牛 ,17,S ,sacrifice ,ギ
350,菊 ,艸 ,11,S ,chrysanthemum ,キク
351,吉 ,口 ,6,S ,good luck ,キチ、キツ
352,喫 ,口 ,12,S ,consume ,キツ
353,詰 ,言 ,13,S ,packed ,キツ、つ-める、つ-まる、つ-む
354,却 ,卩 ,7,S ,instead ,キャク
356,脚 ,肉 ,11,S ,leg ,キャク、（キャ）、あし
358,虐 ,虍 ,9,S ,tyrannize ,ギャク、しいた-げる
361,及 ,又 ,3,S ,reach out ,キュウ、およ-ぶ、およ-び、およ-ぼす
363,丘 ,一 ,5,S ,hill ,キュウ、おか
367,朽 ,木 ,6,S ,decay ,キュウ、く-ちる
368,臼 ,臼 ,6,S ,mortar ,キュウ、うす
374,糾 ,糸 ,9,S ,twist ,キュウ
379,嗅 ,口 ,13,S ,smell ,キュウ、か-ぐ
380,窮 ,穴 ,15,S ,hard up ,キュウ、きわ-める、きわ-まる
383,巨 ,工 ,5,S ,gigantic ,キョ
385,拒 ,手 ,8,S ,repel ,キョ、こば-む
386,拠 ,手 ,8,S ,foothold ,キョ、コ
388,虚 ,虍 ,11,S ,void ,キョ、（コ）
390,距 ,足 ,12,S ,long-distance ,キョ
392,御 ,彳 ,12,S ,honorable ,ギョ、ゴ、おん
394,凶 ,凵 ,4,S ,villain ,キョウ
396,叫 ,口 ,6,S ,shout ,キョウ、さけ-ぶ
397,狂 ,犬 ,7,S ,lunatic ,キョウ、くる-う、くる-おしい
399,享 ,亠 ,8,S ,receive ,キョウ
402,況 ,水 ,8,S ,condition ,キョウ
403,峡 ,山 ,9,S ,gorge ,キョウ
404,挟 ,手 ,9,S ,pinch ,キョウ、はさ-む、はさ-まる
405,狭 ,犬 ,9,S ,cramped ,キョウ、せま-い、せば-める、せば-まる
406,恐 ,心 ,10,S ,fear ,キョウ、おそ-れる、おそ-ろしい
407,恭 ,心 ,10,S ,respect ,キョウ、うやうや-しい
409,脅 ,肉 ,10,S ,threaten ,キョウ、おびや-かす、おど-す、おど-かす
415,矯 ,矢 ,17,S ,rectify ,キョウ、た-める
418,響 ,音 ,20,S ,echo ,キョウ、ひび-く
419,驚 ,馬 ,22,S ,wonder ,キョウ、おどろ-く、おどろ-かす
420,仰 ,人 ,6,S ,face-up ,ギョウ、（コウ）、あお-ぐ、おお-せ
421,暁 ,日 ,12,S ,daybreak ,ギョウ、あかつき
423,凝 ,冫 ,16,S ,congeal ,ギョウ、こ-る、こ-らす
428,巾 ,巾 ,3,S ,towel ,キン
429,斤 ,斤 ,4,S ,axe ,キン
433,菌 ,艸 ,11,S ,germ ,キン
435,琴 ,玉 ,12,S ,harp ,キン、こと
437,僅 [7] ,人 ,13,S ,a wee bit ,キン、わず-か
439,緊 ,糸 ,15,S ,tense ,キン
440,錦 ,金 ,16,S ,brocade ,キン、にしき
441,謹 ,言 ,17,S ,discreet ,キン、つつし-む
442,襟 ,衣 ,18,S ,collar ,キン、えり
443,吟 ,口 ,7,S ,versify ,ギン
448,駆 ,馬 ,14,S ,drive ,ク、か-ける、か-る
450,惧 ,心 ,11,S ,dread ,グ
451,愚 ,心 ,13,S ,foolish ,グ、おろ-か
453,偶 ,人 ,11,S ,accidentally ,グウ
454,遇 ,辵 ,12,S ,interview ,グウ
455,隅 ,阜 ,12,S ,corner ,グウ、すみ
456,串 ,丨 ,7,S ,skewer ,くし
457,屈 ,尸 ,8,S ,yield ,クツ
458,掘 ,手 ,11,S ,dig ,クツ、ほ-る
459,窟 ,穴 ,13,S ,cavern ,クツ
460,熊 ,火 ,14,S ,bear ,くま
461,繰 ,糸 ,19,S ,winding ,く-る
464,勲 ,力 ,15,S ,meritorious deed ,クン
465,薫 ,艸 ,16,S ,fragrant ,クン、かお-る
470,刑 ,刀 ,6,S ,punish ,ケイ
474,茎 ,艸 ,8,S ,stalk ,ケイ、くき
477,契 ,大 ,9,S ,pledge ,ケイ、ちぎ-る
479,恵 ,心 ,10,S ,favor ,ケイ、エ、めぐ-む
480,啓 ,口 ,11,S ,disclose ,ケイ
481,掲 ,手 ,11,S ,put up (a notice) ,ケイ、かか-げる
482,渓 ,水 ,11,S ,mountain stream ,ケイ
484,蛍 ,虫 ,11,S ,lightning-bug ,ケイ、ほたる
488,傾 ,人 ,13,S ,lean ,ケイ、かたむ-く、かたむ-ける
489,携 ,手 ,13,S ,portable ,ケイ、たずさ-える、たずさ-わる
490,継 ,糸 ,13,S ,inherit ,ケイ、つ-ぐ
491,詣 ,言 ,13,S ,visit a temple ,ケイ、もう-でる
492,慶 ,心 ,15,S ,jubilation ,ケイ
493,憬 ,心 ,15,S ,long for ,ケイ
494,稽 ,禾 ,15,S ,consider ,ケイ
495,憩 ,心 ,16,S ,recess ,ケイ、いこ-い、いこ-う
497,鶏 ,鳥 ,19,S ,chicken ,ケイ、にわとり
499,迎 ,辵 ,7,S ,welcome ,ゲイ、むか-える
500,鯨 ,魚 ,19,S ,whale ,ゲイ、くじら
501,隙 ,阜 ,13,S ,fissure ,ゲキ、すき
503,撃 ,手 ,15,S ,beat ,ゲキ、う-つ
505,桁 ,木 ,10,S ,beam ,けた
511,傑 ,人 ,13,S ,greatness ,ケツ
518,肩 ,肉 ,8,S ,shoulder ,ケン、かた
522,倹 ,人 ,10,S ,frugal ,ケン
523,兼 ,八 ,10,S ,concurrently ,ケン、か-ねる
524,剣 ,刀 ,10,S ,sabre ,ケン、つるぎ
525,拳 ,手 ,10,S ,fist ,ケン、こぶし
526,軒 ,車 ,10,S ,flats ,ケン、のき
529,圏 ,囗 ,12,S ,sphere ,ケン
530,堅 ,土 ,12,S ,strict ,ケン、かた-い
532,嫌 ,女 ,13,S ,dislike ,ケン、（ゲン）、きら-う、いや
533,献 ,犬 ,13,S ,offering ,ケン、（コン）
535,遣 ,辵 ,13,S ,dispatch ,ケン、つか-う、つか-わす
538,賢 ,貝 ,16,S ,intelligent ,ケン、かしこ-い
539,謙 ,言 ,17,S ,self-effacing ,ケン
540,鍵 ,金 ,17,S ,key ,ケン、かぎ
541,繭 ,糸 ,18,S ,cocoon ,ケン、まゆ
542,顕 ,頁 ,18,S ,appear ,ケン
544,懸 ,心 ,20,S ,suspend ,ケン、（ケ）、か-ける、か-かる
546,幻 ,幺 ,4,S ,phantasm ,ゲン、まぼろし
547,玄 ,玄 ,5,S ,mysterious ,ゲン
549,弦 ,弓 ,8,S ,bowstring ,ゲン、つる
553,舷 ,舟 ,11,S ,gunwale ,ゲン
562,股 ,肉 ,8,S ,crotch ,コ、また
563,虎 ,虍 ,8,S ,tiger ,コ、とら
564,孤 ,子 ,9,S ,orphan ,コ
565,弧 ,弓 ,9,S ,arc ,コ
567,枯 ,木 ,9,S ,wither ,コ、か-れる、か-らす
571,雇 ,隹 ,12,S ,employ ,コ、やと-う
572,誇 ,言 ,13,S ,boast ,コ、ほこ-る
573,鼓 ,鼓 ,13,S ,drum ,コ、つづみ
574,錮 ,金 ,16,S ,tie up ,コ
575,顧 ,頁 ,21,S ,look back ,コ、かえり-みる
577,互 ,二 ,4,S ,mutually ,ゴ、たが-い
579,呉 ,口 ,7,S ,give ,ゴ
581,娯 ,女 ,10,S ,recreation ,ゴ
582,悟 ,心 ,10,S ,enlightenment ,ゴ、さと-る
583,碁 ,石 ,13,S ,Go ,ゴ
590,勾 ,勹 ,4,S ,capture ,コウ
591,孔 ,子 ,4,S ,cavity ,コウ
593,巧 ,工 ,5,S ,adroit ,コウ、たく-み
595,甲 ,田 ,5,S ,armor ,コウ、カン
601,江 ,水 ,6,S ,inlet ,コウ、え
604,坑 ,土 ,7,S ,pit ,コウ
606,抗 ,手 ,7,S ,confront ,コウ
607,攻 ,攴 ,7,S ,aggression ,コウ、せ-める
608,更 ,曰 ,7,S ,grow late ,コウ、さら、ふ-ける、ふ-かす
611,拘 ,手 ,8,S ,arrest ,コウ
612,肯 ,肉 ,8,S ,agreement ,コウ
613,侯 ,人 ,9,S ,marquis ,コウ
615,恒 ,心 ,9,S ,constancy ,コウ
616,洪 ,水 ,9,S ,deluge ,コウ
619,荒 ,艸 ,9,S ,laid waste ,コウ、あら-い、あ-れる、あ-らす
620,郊 ,邑 ,9,S ,outskirts ,コウ
621,香 ,香 ,9,S ,incense ,コウ、（キョウ）、か、かお-り、かお-る
626,貢 ,貝 ,10,S ,tribute ,コウ、（ク）、みつ-ぐ
630,控 ,手 ,11,S ,withdraw ,コウ、ひか-える
631,梗 ,木 ,11,S ,close up ,コウ
633,喉 ,口 ,12,S ,throat ,コウ、のど
634,慌 ,心 ,12,S ,disconcerted ,コウ、あわ-てる、あわ-ただしい
636,硬 ,石 ,12,S ,stiff ,コウ、かた-い
637,絞 ,糸 ,12,S ,strangle ,コウ、しぼ-る、し-める、し-まる
638,項 ,頁 ,12,S ,paragraph ,コウ
639,溝 ,水 ,13,S ,gutter ,コウ、みぞ
642,綱 ,糸 ,14,S ,hawser ,コウ、つな
643,酵 ,酉 ,14,S ,fermentation ,コウ
644,稿 ,禾 ,15,S ,draft ,コウ
646,衡 ,行 ,16,S ,equilibrium ,コウ
649,購 ,貝 ,17,S ,subscription ,コウ
650,乞 ,乙 ,3,S ,beg ,こ-う
653,拷 ,手 ,9,S ,torture ,ゴウ
654,剛 ,刀 ,10,S ,sturdy ,ゴウ
655,傲 ,人 ,13,S ,be proud ,ゴウ
656,豪 ,豕 ,14,S ,overpowering ,ゴウ
657,克 ,儿 ,7,S ,overcome ,コク
664,酷 ,酉 ,14,S ,cruel ,コク
665,獄 ,犬 ,14,S ,prison ,ゴク
667,駒 ,馬 ,15,S ,horse ,こま
668,込 ,辵 ,5,S ,crowded ,こ-む、こ-める
669,頃 ,頁 ,11,S ,times ,ころ
672,昆 ,日 ,8,S ,descendants ,コン
673,恨 ,心 ,9,S ,rancor ,コン、うら-む、うら-めしい
675,婚 ,女 ,11,S ,marriage ,コン
677,痕 ,疒 ,11,S ,mark ,コン、あと
678,紺 ,糸 ,11,S ,dark blue ,コン
679,魂 ,鬼 ,14,S ,soul ,コン、たましい
680,墾 ,土 ,16,S ,ground-breaking ,コン
681,懇 ,心 ,17,S ,sociable ,コン、ねんご-ろ
683,佐 ,人 ,7,S ,help ,サ
684,沙 ,水 ,7,S ,sand ,サ
687,唆 ,口 ,10,S ,tempt ,サ、そそのか-す
689,詐 ,言 ,12,S ,lie ,サ
690,鎖 ,金 ,18,S ,chain ,サ、くさり
692,挫 ,手 ,10,S ,sprain ,ザ
697,采 ,釆 ,8,S ,form ,サイ
698,砕 ,石 ,9,S ,smash ,サイ、くだ-く、くだ-ける
699,宰 ,宀 ,10,S ,superintend ,サイ
700,栽 ,木 ,10,S ,plantation ,サイ
701,彩 ,彡 ,11,S ,coloring ,サイ、いろど-る
705,斎 ,齊 ,11,S ,purification ,サイ
710,債 ,人 ,13,S ,bond ,サイ
711,催 ,人 ,13,S ,sponsor ,サイ、もよお-す
712,塞 ,土 ,13,S ,obstruct ,サイ、ソク、ふさ-ぐ、ふさ-がる
713,歳 ,止 ,13,S ,year-end ,サイ、（セイ）
714,載 ,車 ,13,S ,ride ,サイ、の-せる、の-る
716,埼 ,土 ,11,S ,cape (geography) ,（さい）[6]
719,剤 ,刀 ,10,S ,dose ,ザイ
722,崎 ,山 ,11,S ,promontory ,さき
724,削 ,刀 ,9,S ,plane ,サク、けず-る
726,柵 ,木 ,9,S ,fence ,サク
727,索 ,糸 ,10,S ,cord ,サク
729,酢 ,酉 ,12,S ,vinegar ,サク、す
730,搾 ,手 ,13,S ,squeeze ,サク、しぼ-る
731,錯 ,金 ,16,S ,confused ,サク
732,咲 ,口 ,9,S ,blossom ,さ-く
736,刹 ,刀 ,8,S ,temple ,サツ、セツ
737,拶 ,手 ,9,S ,be imminent ,サツ
740,撮 ,手 ,15,S ,snapshot ,サツ、と-る
741,擦 ,手 ,17,S ,grate ,サツ、す-る、す-れる
747,桟 ,木 ,10,S ,scaffold ,サン
749,惨 ,心 ,11,S ,wretched ,サン、ザン、みじ-め
751,傘 ,人 ,12,S ,umbrella ,サン、かさ
757,斬 ,斤 ,11,S ,kill by slicing ,ザン、き-る
758,暫 ,日 ,15,S ,temporarily ,ザン
770,旨 ,日 ,6,S ,delicious ,シ、むね
774,伺 ,人 ,7,S ,pay respects ,シ、うかが-う
778,刺 ,刀 ,8,S ,thorn ,シ、さ-す、さ-さる
782,祉 ,示 ,8,S ,welfare ,シ
783,肢 ,肉 ,8,S ,limb ,シ
787,施 ,方 ,9,S ,carry out ,シ、セ、ほどこ-す
789,恣 ,心 ,10,S ,selfish ,シ
791,脂 ,肉 ,10,S ,fat ,シ、あぶら
793,紫 ,糸 ,12,S ,purple ,シ、むらさき
796,嗣 ,口 ,13,S ,heir ,シ
802,雌 ,隹 ,14,S ,feminine ,シ、め、めす
803,摯 ,手 ,15,S ,seriousness ,シ
804,賜 ,貝 ,15,S ,grant ,シ、たまわ-る
805,諮 ,言 ,16,S ,consult with ,シ、はか-る
815,侍 ,人 ,8,S ,waiter ,ジ、さむらい
819,滋 ,水 ,12,S ,nourishing ,ジ
820,慈 ,心 ,13,S ,mercy ,ジ、いつく-しむ
823,餌 [8] ,食 ,15,S ,bait ,ジ、えさ、え
824,璽 ,玉 ,19,S ,emperor's seal ,ジ
825,鹿 ,鹿 ,11,S ,deer ,しか、（か）、ロク
828,軸 ,車 ,12,S ,axis ,ジク
830,𠮟 [5] ,口 ,5,S ,scold ,シツ、しか-る
833,疾 ,疒 ,10,S ,rapidly ,シツ
834,執 ,土 ,11,S ,tenacious ,シツ、シュウ、と-る
835,湿 ,水 ,12,S ,damp ,シツ、しめ-る、しめ-す
836,嫉 ,女 ,13,S ,envy ,シツ
837,漆 ,水 ,14,S ,lacquer ,シツ、うるし
840,芝 ,艸 ,6,S ,turf ,しば
848,赦 ,赤 ,11,S ,pardon ,シャ
849,斜 ,斗 ,11,S ,diagonal ,シャ、なな-め
850,煮 ,火 ,12,S ,boil ,シャ、に-る、に-える、に-やす
851,遮 ,辵 ,14,S ,intercept ,シャ、さえぎ-る
853,邪 ,邑 ,8,S ,wicked ,ジャ
854,蛇 ,虫 ,11,S ,snake ,ジャ、ダ、へび
857,酌 ,酉 ,10,S ,bartending ,シャク、く-む
858,釈 ,釆 ,11,S ,explanation ,シャク
859,爵 ,爪 ,17,S ,baron ,シャク
862,寂 ,宀 ,11,S ,loneliness ,ジャク、（セキ）、さび、さび-しい、さび-れる
866,朱 ,木 ,6,S ,vermilion ,シュ
868,狩 ,犬 ,9,S ,hunt ,シュ、か-る、か-り
870,殊 ,歹 ,10,S ,particularly ,シュ、こと
871,珠 ,玉 ,10,S ,pearl ,シュ
873,腫 ,肉 ,13,S ,tumor ,シュ、は-れる、は-らす
875,趣 ,走 ,15,S ,gist ,シュ、おもむき
876,寿 ,士 ,7,S ,longevity ,ジュ、ことぶき
878,呪 ,口 ,8,S ,curse ,ジュ、のろ-う
880,需 ,雨 ,14,S ,demand ,ジュ
881,儒 ,人 ,16,S ,Confucian ,ジュ
884,囚 ,囗 ,5,S ,captured ,シュウ
886,舟 ,舟 ,6,S ,boat ,シュウ、ふね、（ふな）
887,秀 ,禾 ,7,S ,excel ,シュウ、ひい-でる
892,臭 ,自 ,9,S ,stinking ,シュウ、くさ-い、にお-う
894,袖 ,衣 ,10,S ,sleeve ,シュウ、そで
896,羞 ,羊 ,11,S ,feel ashamed ,シュウ
902,愁 ,心 ,13,S ,distress ,シュウ、うれ-える、うれ-い
903,酬 ,酉 ,13,S ,repay ,シュウ
904,醜 ,酉 ,17,S ,ugly ,シュウ、みにく-い
905,蹴 ,足 ,19,S ,kick ,シュウ、け-る
906,襲 ,衣 ,22,S ,attack ,シュウ、おそ-う
908,汁 ,水 ,5,S ,soup ,ジュウ、しる
909,充 ,儿 ,6,S ,allot ,ジュウ、あ-てる
911,柔 ,木 ,9,S ,tender ,ジュウ、ニュウ、やわ-らか、やわ-らかい
914,渋 ,水 ,11,S ,astringent ,ジュウ、しぶ、しぶ-い、しぶ-る
915,銃 ,金 ,14,S ,gun ,ジュウ
916,獣 ,犬 ,16,S ,animal ,ジュウ、けもの
918,叔 ,又 ,8,S ,uncle ,シュク
921,淑 ,水 ,11,S ,graceful ,シュク
922,粛 ,聿 ,11,S ,solemn ,シュク
924,塾 ,土 ,14,S ,cram school ,ジュク
929,俊 ,人 ,9,S ,genius ,シュン
931,瞬 ,目 ,18,S ,wink ,シュン、またた-く
932,旬 ,日 ,6,S ,10-day period (of the month) ,ジュン、（シュン）
933,巡 ,巛 ,6,S ,patrol ,ジュン、めぐ-る
934,盾 ,目 ,9,S ,shield ,ジュン、たて
935,准 ,冫 ,10,S ,quasi- ,ジュン
936,殉 ,歹 ,10,S ,martyrdom ,ジュン
938,循 ,彳 ,12,S ,sequential ,ジュン
941,潤 ,水 ,15,S ,wet ,ジュン、うるお-う、うるお-す、うる-む
942,遵 ,辵 ,15,S ,abide by ,ジュン
947,庶 ,广 ,11,S ,commoner ,ショ
950,緒 ,糸 ,14,S ,thong ,ショ、（チョ）、お
953,如 ,女 ,6,S ,likeness ,ジョ、ニョ
956,叙 ,攴 ,9,S ,confer ,ジョ
957,徐 ,彳 ,10,S ,gradually ,ジョ
960,升 ,十 ,4,S ,measuring box ,ショウ、ます
962,召 ,口 ,5,S ,summon ,ショウ、め-す
963,匠 ,匚 ,6,S ,artisan ,ショウ
964,床 ,广 ,7,S ,bed ,ショウ、とこ、ゆか
965,抄 ,手 ,7,S ,extract ,ショウ
966,肖 ,肉 ,7,S ,resemblance ,ショウ
967,尚 ,小 ,8,S ,esteem ,ショウ
970,昇 ,日 ,8,S ,rise up ,ショウ、のぼ-る
972,沼 ,水 ,8,S ,marsh ,ショウ、ぬま
974,宵 ,宀 ,10,S ,wee hours ,ショウ、よい
977,症 ,疒 ,10,S ,symptoms ,ショウ
978,祥 ,示 ,10,S ,auspicious ,ショウ
979,称 ,禾 ,10,S ,appellation ,ショウ
983,渉 ,水 ,11,S ,ford ,ショウ
985,紹 ,糸 ,11,S ,introduce ,ショウ
986,訟 ,言 ,11,S ,sue ,ショウ
988,掌 ,手 ,12,S ,manipulate ,ショウ
989,晶 ,日 ,12,S ,sparkle ,ショウ
991,焦 ,火 ,12,S ,char ,ショウ、こ-げる、こ-がす、こ-がれる、あせ-る
992,硝 ,石 ,12,S ,nitrate ,ショウ
993,粧 ,米 ,12,S ,cosmetics ,ショウ
994,詔 ,言 ,12,S ,imperial edict ,ショウ、みことのり
998,奨 ,大 ,13,S ,exhort ,ショウ
1000,詳 ,言 ,13,S ,detailed ,ショウ、くわ-しい
1001,彰 ,彡 ,14,S ,patent ,ショウ
1003,憧 ,心 ,15,S ,desire ,ショウ、あこが-れる
1004,衝 ,行 ,15,S ,collide ,ショウ
1006,償 ,人 ,17,S ,reparation ,ショウ、つぐな-う
1007,礁 ,石 ,17,S ,reef ,ショウ
1008,鐘 ,金 ,20,S ,bell ,ショウ、かね
1010,丈 ,一 ,3,S ,length ,ジョウ、たけ
1011,冗 ,冖 ,4,S ,superfluous ,ジョウ
1016,浄 ,水 ,9,S ,clean ,ジョウ
1017,剰 ,刀 ,11,S ,surplus ,ジョウ
1021,畳 ,田 ,12,S ,tatami mat ,ジョウ、たた-む、たたみ
1023,縄 ,糸 ,15,S ,straw rope ,ジョウ、なわ
1024,壌 ,土 ,16,S ,lot ,ジョウ
1025,嬢 ,女 ,16,S ,lass ,ジョウ
1026,錠 ,金 ,16,S ,lock ,ジョウ
1027,譲 ,言 ,20,S ,defer ,ジョウ、ゆず-る
1028,醸 ,酉 ,20,S ,brew ,ジョウ、かも-す
1030,拭 ,手 ,9,S ,wipe ,ショク、ふ-く、ぬぐ-う
1033,殖 ,歹 ,12,S ,augment ,ショク、ふ-える、ふ-やす
1034,飾 ,食 ,13,S ,decorate ,ショク、かざ-る
1035,触 ,角 ,13,S ,contact ,ショク、ふ-れる、さわ-る
1036,嘱 ,口 ,15,S ,entrust ,ショク
1039,辱 ,辰 ,10,S ,embarrass ,ジョク、はずかし-める
1040,尻 ,尸 ,5,S ,buttocks ,しり
1043,伸 ,人 ,7,S ,lengthen ,シン、の-びる、の-ばす、の-べる
1045,芯 ,艸 ,7,S ,core ,シン
1047,辛 ,辛 ,7,S ,spicy ,シン、から-い
1048,侵 ,人 ,9,S ,encroach ,シン、おか-す
1050,津 ,水 ,9,S ,haven ,シン、つ
1052,唇 ,口 ,10,S ,lips ,シン、くちびる
1053,娠 ,女 ,10,S ,with child ,シン
1054,振 ,手 ,10,S ,shake ,シン、ふ-る、ふ-るう、ふ-れる
1055,浸 ,水 ,10,S ,immersed ,シン、ひた-す、ひた-る
1059,紳 ,糸 ,11,S ,sire ,シン
1062,診 ,言 ,12,S ,checkup ,シン、み-る
1063,寝 ,宀 ,13,S ,lie down ,シン、ね-る、ね-かす
1064,慎 ,心 ,13,S ,humility ,シン、つつし-む
1066,審 ,宀 ,15,S ,examine ,シン
1067,震 ,雨 ,15,S ,quake ,シン、ふる-う、ふる-える
1068,薪 ,艸 ,16,S ,fuel ,シン、たきぎ
1071,刃 ,刀 ,3,S ,blade ,ジン、は
1073,尽 ,皿 ,6,S ,exhaust ,ジン、つ-くす、つ-きる、つ-かす
1074,迅 ,辵 ,6,S ,swift ,ジン
1075,甚 ,甘 ,9,S ,tremendously ,ジン、はなは-だ、はなは-だしい
1076,陣 ,阜 ,10,S ,camp ,ジン
1077,尋 ,寸 ,12,S ,inquire ,ジン、たず-ねる
1078,腎 ,肉 ,13,S ,kidney ,ジン
1079,須 ,頁 ,12,S ,by all means ,ス
1082,吹 ,口 ,7,S ,blow ,スイ、ふ-く
1084,炊 ,火 ,8,S ,cook ,スイ、た-く
1085,帥 ,巾 ,9,S ,commander ,スイ
1086,粋 ,米 ,10,S ,chic ,スイ、いき
1087,衰 ,衣 ,10,S ,decline ,スイ、おとろ-える
1089,酔 ,酉 ,11,S ,drunk ,スイ、よ-う
1090,遂 ,辵 ,12,S ,consummate ,スイ、と-げる
1091,睡 ,目 ,13,S ,drowsy ,スイ
1092,穂 ,禾 ,15,S ,ear ,スイ、ほ
1093,随 ,阜 ,12,S ,follow ,ズイ
1094,髄 ,骨 ,19,S ,marrow ,ズイ
1095,枢 ,木 ,8,S ,hinge ,スウ
1096,崇 ,山 ,11,S ,adore ,スウ
1098,据 ,手 ,11,S ,set ,す-える、す-わる
1099,杉 ,木 ,7,S ,cedar ,すぎ
1100,裾 ,衣 ,13,S ,cuff ,すそ
1102,瀬 ,水 ,19,S ,rapids ,せ
1103,是 ,日 ,9,S ,just so ,ゼ
1104,井 ,二 ,4,S ,well ,セイ、（ショウ）、い
1112,姓 ,女 ,8,S ,surname ,セイ、ショウ
1113,征 ,彳 ,8,S ,subjugate ,セイ
1116,斉 ,齊 ,8,S ,adjusted ,セイ
1119,牲 ,牛 ,9,S ,animal sacrifice ,セイ
1121,凄 ,冫 ,10,S ,uncanny ,セイ
1122,逝 ,辵 ,10,S ,departed ,セイ、ゆ-く、い-く
1125,婿 ,女 ,12,S ,bridegroom ,セイ、むこ
1132,誓 ,言 ,14,S ,vow ,セイ、ちか-う
1134,請 ,言 ,15,S ,solicit ,セイ、（シン）、こ-う、う-ける
1136,醒 ,酉 ,16,S ,be disillusioned ,セイ
1139,斥 ,斤 ,5,S ,reject ,セキ
1143,析 ,木 ,8,S ,chop ,セキ
1145,脊 ,肉 ,10,S ,stature ,セキ
1146,隻 ,隹 ,10,S ,vessels ,セキ
1147,惜 ,心 ,11,S ,pity ,セキ、お-しい、お-しむ
1148,戚 ,戈 ,11,S ,grieve ,セキ
1150,跡 ,足 ,13,S ,tracks ,セキ、あと
1153,籍 ,竹 ,20,S ,enroll ,セキ
1156,拙 ,手 ,8,S ,bungling ,セツ、つたな-い
1157,窃 ,穴 ,9,S ,stealth ,セツ
1161,摂 ,手 ,13,S ,vicarious ,セツ
1168,仙 ,人 ,5,S ,hermit ,セン
1169,占 ,卜 ,5,S ,fortune telling ,セン、し-める、うらな-う
1177,扇 ,戶 ,10,S ,fan ,セン、おうぎ
1178,栓 ,木 ,10,S ,plug ,セン
1179,旋 ,方 ,11,S ,rotation ,セン
1182,煎 [7] ,火 ,13,S ,broil ,セン、い-る
1183,羨 ,羊 ,13,S ,envy ,セン、うらや-む、うらや-ましい
1184,腺 ,肉 ,13,S ,gland ,セン
1185,詮 [7] ,言 ,13,S ,discussion ,セン
1186,践 ,足 ,13,S ,tread ,セン
1187,箋 ,竹 ,14,S ,paper ,セン
1189,潜 ,水 ,15,S ,submerge ,セン、ひそ-む、もぐ-る
1191,遷 ,辵 ,15,S ,transition ,セン
1193,薦 ,艸 ,16,S ,recommend ,セン、すす-める
1194,繊 ,糸 ,17,S ,slender ,セン
1195,鮮 ,魚 ,17,S ,fresh ,セン、あざ-やか
1200,禅 ,示 ,13,S ,Zen ,ゼン
1201,漸 ,水 ,14,S ,steadily ,ゼン
1202,膳 ,肉 ,16,S ,tray ,ゼン
1203,繕 ,糸 ,18,S ,darning ,ゼン、つくろ-う
1204,狙 ,犬 ,8,S ,aim at ,ソ、ねら-う
1205,阻 ,阜 ,8,S ,thwart ,ソ、はば-む
1207,租 ,禾 ,10,S ,tariff ,ソ
1209,措 ,手 ,11,S ,set aside ,ソ
1210,粗 ,米 ,11,S ,coarse ,ソ、あら-い
1212,疎 ,疋 ,12,S ,alienate ,ソ、うと-い、うと-む
1213,訴 ,言 ,12,S ,sue ,ソ、うった-える
1214,塑 ,土 ,13,S ,model ,ソ
1215,遡 [8] ,辵 ,14,S ,go upstream ,ソ、さかのぼ-る
1216,礎 ,石 ,18,S ,cornerstone ,ソ、いしずえ
1217,双 ,隹 ,4,S ,pair ,ソウ、ふた
1218,壮 ,士 ,6,S ,robust ,ソウ
1224,荘 ,艸 ,9,S ,villa ,ソウ
1228,捜 ,手 ,10,S ,search ,ソウ、さが-す
1229,挿 ,手 ,10,S ,insert ,ソウ、さ-す
1230,桑 ,木 ,10,S ,mulberry ,ソウ、くわ
1232,掃 ,手 ,11,S ,sweep ,ソウ、は-く
1233,曹 ,曰 ,11,S ,cadet ,ソウ
1234,曽 ,曰 ,11,S ,formerly ,ソウ、（ゾ）
1235,爽 ,爻 ,11,S ,refreshing ,ソウ、さわ-やか
1238,喪 ,口 ,12,S ,miss ,ソウ、も
1239,痩 ,疒 ,12,S ,get thin ,ソウ、や-せる
1240,葬 ,艸 ,12,S ,interment ,ソウ、ほうむ-る
1242,僧 ,人 ,13,S ,Buddhist priest ,ソウ
1246,遭 ,辵 ,14,S ,encounter ,ソウ、あ-う
1247,槽 ,木 ,15,S ,vat ,ソウ
1248,踪 ,足 ,15,S ,remains ,ソウ
1250,燥 ,火 ,17,S ,parch ,ソウ
1251,霜 ,雨 ,17,S ,frost ,ソウ、しも
1252,騒 ,馬 ,18,S ,boisterous ,ソウ、さわ-ぐ
1253,藻 ,艸 ,19,S ,seaweed ,ソウ、も
1257,憎 ,心 ,14,S ,hate ,ゾウ、にく-む、にく-い、にく-らしい、にく-しみ
1259,贈 ,貝 ,18,S ,presents ,ゾウ、（ソウ）、おく-る
1261,即 ,卩 ,7,S ,instant ,ソク
1264,促 ,人 ,9,S ,stimulate ,ソク、うなが-す
1267,捉 ,手 ,10,S ,capture ,ソク、とら-える
1271,俗 ,人 ,9,S ,vulgar ,ゾク
1274,賊 ,貝 ,13,S ,burglar ,ゾク
1283,遜 [8] ,辵 ,14,S ,humble ,ソン
1286,汰 ,水 ,7,S ,luxury ,タ
1288,妥 ,女 ,7,S ,gentle ,ダ
1289,唾 ,口 ,11,S ,saliva ,ダ、つば
1290,堕 ,土 ,12,S ,degenerate ,ダ
1291,惰 ,心 ,12,S ,lazy ,ダ
1292,駄 ,馬 ,14,S ,burdensome ,ダ
1296,耐 ,而 ,9,S ,resistant ,タイ、た-える
1298,怠 ,心 ,9,S ,neglect ,タイ、おこた-る、なま-ける
1299,胎 ,肉 ,9,S ,womb ,タイ
1302,泰 ,水 ,10,S ,peaceful ,タイ
1303,堆 ,土 ,11,S ,piled high ,タイ
1304,袋 ,衣 ,11,S ,sack ,タイ、ふくろ
1305,逮 ,辵 ,11,S ,apprehend ,タイ
1306,替 ,曰 ,12,S ,exchange ,タイ、か-える、か-わる
1309,滞 ,水 ,13,S ,stagnate ,タイ、とどこお-る
1311,戴 ,戈 ,17,S ,be crowned with ,タイ
1317,滝 ,水 ,13,S ,waterfall ,たき
1319,択 ,手 ,7,S ,choose ,タク
1320,沢 ,水 ,7,S ,swamp ,タク、さわ
1321,卓 ,十 ,8,S ,eminent ,タク
1322,拓 ,手 ,8,S ,clear (the land) ,タク
1323,託 ,言 ,10,S ,consign ,タク
1324,濯 ,水 ,17,S ,laundry ,タク
1325,諾 ,言 ,15,S ,consent ,ダク
1326,濁 ,水 ,16,S ,voiced ,ダク、にご-る、にご-す
1327,但 ,人 ,7,S ,however ,ただ-し
1329,脱 ,肉 ,11,S ,undress ,ダツ、ぬ-ぐ、ぬ-げる
1330,奪 ,大 ,14,S ,rob ,ダツ、うば-う
1331,棚 ,木 ,12,S ,shelf ,たな
1332,誰 ,言 ,15,S ,who (question word) ,だれ
1333,丹 ,丶 ,4,S ,cinnabar ,タン
1334,旦 ,日 ,5,S ,daybreak ,タン、ダン
1338,胆 ,肉 ,9,S ,gall bladder ,タン
1340,淡 ,水 ,11,S ,thin ,タン、あわ-い
1342,嘆 ,口 ,13,S ,sigh ,タン、なげ-く、なげ-かわしい
1343,端 ,立 ,14,S ,edge ,タン、はし、は、はた
1344,綻 ,糸 ,14,S ,rip ,タン、ほころ-びる
1346,鍛 ,金 ,17,S ,forge ,タン、きた-える
1351,弾 ,弓 ,12,S ,bullet ,ダン、ひ-く、はず-む、たま
1354,壇 ,土 ,16,S ,podium ,ダン、（タン）
1359,恥 ,心 ,10,S ,shame ,チ、は-じる、はじ、は-じらう、は-ずかしい
1360,致 ,至 ,10,S ,(to) do ,チ、いた-す
1361,遅 ,辵 ,12,S ,slow ,チ、おく-れる、おく-らす、おそ-い
1362,痴 ,疒 ,13,S ,stupid ,チ
1363,稚 ,禾 ,13,S ,immature ,チ
1365,緻 ,糸 ,16,S ,fine (not coarse) ,チ
1367,畜 ,田 ,10,S ,livestock ,チク
1368,逐 ,辵 ,10,S ,pursue ,チク
1369,蓄 ,艸 ,13,S ,amass ,チク、たくわ-える
1371,秩 ,禾 ,10,S ,regularity ,チツ
1372,窒 ,穴 ,11,S ,plug up ,チツ
1375,嫡 ,女 ,14,S ,legitimate wife ,チャク
1379,沖 ,水 ,7,S ,open sea ,チュウ、おき
1382,抽 ,手 ,8,S ,pluck ,チュウ
1386,衷 ,衣 ,10,S ,inmost ,チュウ
1387,酎 ,酉 ,10,S ,sake ,チュウ
1388,鋳 ,金 ,15,S ,casting ,チュウ、い-る
1389,駐 ,馬 ,15,S ,stop-over ,チュウ
1393,弔 ,弓 ,4,S ,condolences ,チョウ、とむら-う
1398,挑 ,手 ,9,S ,challenge ,チョウ、いど-む
1401,彫 ,彡 ,11,S ,carve ,チョウ、ほ-る
1402,眺 ,目 ,11,S ,stare ,チョウ、なが-める
1403,釣 ,金 ,11,S ,angling ,チョウ、つ-る
1407,貼 ,貝 ,12,S ,paste ,チョウ、は-る
1408,超 ,走 ,12,S ,transcend ,チョウ、こ-える、こ-す
1410,跳 ,足 ,13,S ,hop ,チョウ、は-ねる、と-ぶ
1411,徴 ,彳 ,14,S ,indications ,チョウ
1412,嘲 [7] ,口 ,15,S ,ridicule ,チョウ、あざけ-る
1414,澄 ,水 ,15,S ,lucidity ,チョウ、す-む、す-ます
1416,聴 ,耳 ,17,S ,listen ,チョウ、き-く
1417,懲 ,心 ,18,S ,penal ,チョウ、こ-りる、こ-らす、こ-らしめる
1419,勅 ,力 ,9,S ,imperial order ,チョク
1420,捗 [7] ,手 ,10,S ,make progress ,チョク
1421,沈 ,水 ,7,S ,sink ,チン、しず-む、しず-める
1422,珍 ,玉 ,9,S ,rare ,チン、めずら-しい
1423,朕 ,月 ,10,S ,majestic plural ,チン
1424,陳 ,阜 ,11,S ,exhibit ,チン
1426,鎮 ,金 ,18,S ,tranquilize ,チン、しず-める、しず-まる
1428,椎 ,木 ,12,S ,oak ,ツイ
1429,墜 ,土 ,15,S ,crash ,ツイ
1432,塚 ,土 ,12,S ,hillock ,つか
1433,漬 ,水 ,14,S ,pickling ,つ-ける、つ-かる
1434,坪 ,土 ,8,S ,two-mat area ,つぼ
1435,爪 ,爪 ,4,S ,claw ,つめ、（つま）
1436,鶴 ,鳥 ,21,S ,crane ,つる
1438,呈 ,口 ,7,S ,display ,テイ
1439,廷 ,廴 ,7,S ,courts ,テイ
1443,抵 ,手 ,8,S ,resist ,テイ
1444,邸 ,邑 ,8,S ,residence ,テイ
1445,亭 ,亠 ,9,S ,pavilion ,テイ
1446,貞 ,貝 ,9,S ,upright ,テイ
1447,帝 ,巾 ,9,S ,sovereign ,テイ
1448,訂 ,言 ,9,S ,revise ,テイ
1450,逓 ,辵 ,10,S ,relay ,テイ
1452,偵 ,人 ,11,S ,spy ,テイ
1453,堤 ,土 ,12,S ,dike ,テイ、つつみ
1456,艇 ,舟 ,13,S ,rowboat ,テイ
1457,締 ,糸 ,15,S ,tighten ,テイ、し-まる、し-める
1458,諦 ,言 ,16,S ,abandon ,テイ、あきら-める
1459,泥 ,水 ,8,S ,mud ,デイ、どろ
1462,摘 ,手 ,14,S ,pinch ,テキ、つ-む
1463,滴 ,水 ,14,S ,drip ,テキ、しずく、したた-る
1466,溺 [7] ,水 ,13,S ,drown ,デキ、おぼ-れる
1467,迭 ,辵 ,8,S ,transfer ,テツ
1468,哲 ,口 ,10,S ,philosophy ,テツ
1470,徹 ,彳 ,15,S ,penetrate ,テツ
1471,撤 ,手 ,15,S ,remove ,テツ
1477,添 ,水 ,11,S ,annexed ,テン、そ-える、そ-う
1479,塡 [7] ,土 ,13,S ,fill in ,テン
1482,殿 ,殳 ,13,S ,Mr. ,デン、テン、との、どの
1484,斗 ,斗 ,4,S ,Big Dipper ,ト
1485,吐 ,口 ,6,S ,spit ,ト、は-く
1486,妬 ,女 ,8,S ,jealousy ,ト、ねた-む
1488,途 ,辵 ,10,S ,route ,ト
1490,渡 ,水 ,12,S ,transit ,ト、わた-る、わた-す
1491,塗 ,土 ,13,S ,paint ,ト、ぬ-る
1492,賭 [7] ,貝 ,16,S ,gamble ,ト、か-ける
1494,奴 ,女 ,5,S ,guy ,ド
1497,怒 ,心 ,9,S ,angry ,ド、いか-る、おこ-る
1505,到 ,刀 ,8,S ,arrival ,トウ
1506,逃 ,辵 ,9,S ,escape ,トウ、に-げる、に-がす、のが-す、のが-れる
1507,倒 ,人 ,10,S ,overthrow ,トウ、たお-れる、たお-す
1508,凍 ,冫 ,10,S ,frozen ,トウ、こお-る、こご-える
1509,唐 ,口 ,10,S ,T'ang ,トウ、から
1511,桃 ,木 ,10,S ,peach tree ,トウ、もも
1513,透 ,辵 ,10,S ,transparent ,トウ、す-く、す-かす、す-ける
1515,悼 ,心 ,11,S ,lament ,トウ、いた-む
1516,盗 ,皿 ,11,S ,steal ,トウ、ぬす-む
1517,陶 ,阜 ,11,S ,pottery ,トウ
1518,塔 ,土 ,12,S ,pagoda ,トウ
1519,搭 ,手 ,12,S ,board ,トウ
1520,棟 ,木 ,12,S ,ridgepole ,トウ、むね、（むな）
1522,痘 ,疒 ,12,S ,pox ,トウ
1526,筒 ,竹 ,12,S ,cylinder ,トウ、つつ
1528,稲 ,禾 ,14,S ,rice plant ,トウ、いね、（いな）
1529,踏 ,足 ,15,S ,step ,トウ、ふ-む、ふ-まえる
1532,謄 ,言 ,17,S ,mimeograph ,トウ
1533,藤 ,艸 ,18,S ,wisteria ,トウ、ふじ
1534,闘 ,鬥 ,18,S ,fight ,トウ、たたか-う
1535,騰 ,馬 ,20,S ,inflation ,トウ
1537,洞 ,水 ,9,S ,den ,ドウ、ほら
1538,胴 ,肉 ,10,S ,trunk ,ドウ
1546,瞳 ,目 ,17,S ,pupil ,ドウ、ひとみ
1547,峠 ,山 ,9,S ,mountain peak ,とうげ
1548,匿 ,匸 ,10,S ,hide ,トク
1551,督 ,目 ,13,S ,coach ,トク
1553,篤 ,竹 ,16,S ,fervent ,トク
1557,栃 [5] ,木 ,9,S ,horse chestnut ,（とち）[6]
1558,凸 ,凵 ,5,S ,convex ,トツ
1559,突 ,穴 ,8,S ,stab ,トツ、つ-く
1561,屯 ,屮 ,4,S ,barracks ,トン
1562,豚 ,豕 ,11,S ,pork ,トン、ぶた
1563,頓 ,頁 ,13,S ,suddenly ,トン
1564,貪 ,貝 ,11,S ,covet ,ドン、むさぼ-る
1565,鈍 ,金 ,12,S ,dull ,ドン、にぶ-い、にぶ-る
1566,曇 ,日 ,16,S ,cloudy weather ,ドン、くも-る
1567,丼 ,丶 ,5,S ,bowl of food ,どんぶり、（どん）
1568,那 ,邑 ,7,S ,what ,ナ
1569,奈 ,大 ,8,S ,what ,ナ
1571,梨 ,木 ,11,S ,pear tree ,なし
1572,謎 [8] ,言 ,17,S ,riddle ,なぞ
1573,鍋 ,金 ,17,S ,pot ,なべ
1575,軟 ,車 ,11,S ,soft ,ナン、やわ-らか、やわ-らかい
1578,尼 ,尸 ,5,S ,nun ,ニ、あま
1579,弐 ,貝 ,6,S ,two (falsification prevention) ,ニ
1580,匂 ,勹 ,4,S ,scent ,にお-う
1582,虹 ,虫 ,9,S ,rainbow ,にじ
1586,尿 ,尸 ,7,S ,urine ,ニョウ
1588,妊 ,女 ,7,S ,pregnancy ,ニン
1589,忍 ,心 ,7,S ,endure ,ニン、しの-ぶ、しの-ばせる
1591,寧 ,宀 ,14,S ,rather ,ネイ
1595,捻 ,手 ,11,S ,twist ,ネン、ひね-る
1596,粘 ,米 ,11,S ,sticky ,ネン、ねば-る
1598,悩 ,心 ,10,S ,trouble ,ノウ、なや-む、なや-ます
1603,濃 ,水 ,16,S ,concentrated ,ノウ、こ-い
1604,把 ,手 ,7,S ,grasp ,ハ
1608,覇 ,雨 ,19,S ,hegemony ,ハ
1610,婆 ,女 ,11,S ,old woman ,バ
1611,罵 ,网 ,15,S ,insult ,バ、ののし-る
1613,杯 ,木 ,8,S ,counter for cupfuls ,ハイ、さかずき
1618,排 ,手 ,11,S ,repudiate ,ハイ
1620,廃 ,广 ,12,S ,abolish ,ハイ、すた-れる、すた-る
1621,輩 ,車 ,15,S ,comrade ,ハイ
1625,培 ,土 ,11,S ,cultivate ,バイ、つちか-う
1626,陪 ,阜 ,11,S ,obeisance ,バイ
1627,媒 ,女 ,12,S ,mediator ,バイ
1629,賠 ,貝 ,15,S ,compensation ,バイ
1631,伯 ,人 ,7,S ,chief ,ハク
1632,拍 ,手 ,8,S ,clap ,ハク、（ヒョウ）
1633,泊 ,水 ,8,S ,overnight ,ハク、と-まる、と-める
1634,迫 ,辵 ,8,S ,urge ,ハク、せま-る
1635,剝 [7] ,刀 ,10,S ,peel ,ハク、は-がす、は-ぐ、は-がれる、は-げる
1636,舶 ,舟 ,11,S ,liner ,ハク
1638,薄 ,艸 ,16,S ,dilute ,ハク、うす-い、うす-める、うす-まる、うす-らぐ、うす-れる
1640,漠 ,水 ,13,S ,vague ,バク
1641,縛 ,糸 ,16,S ,truss ,バク、しば-る
1642,爆 ,火 ,19,S ,explode ,バク
1644,箸 [7] ,竹 ,15,S ,chopsticks ,はし
1646,肌 ,肉 ,6,S ,texture ,はだ
1648,鉢 ,金 ,13,S ,bowl ,ハチ、（ハツ）
1650,髪 ,髟 ,14,S ,hair of the head ,ハツ、かみ
1651,伐 ,人 ,6,S ,fell ,バツ
1652,抜 ,手 ,7,S ,slip out ,バツ、ぬ-く、ぬ-ける、ぬ-かす、ぬ-かる
1653,罰 ,网 ,14,S ,penalty ,バツ、バチ
1654,閥 ,門 ,14,S ,clique ,バツ
1657,氾 ,水 ,5,S ,spread out ,ハン
1659,帆 ,巾 ,6,S ,sail ,ハン、ほ
1660,汎 ,水 ,6,S ,pan- ,ハン
1661,伴 ,人 ,7,S ,consort ,ハン、バン、ともな-う
1664,阪 ,阜 ,7,S ,heights ,ハン
1668,畔 ,田 ,10,S ,paddy-ridge ,ハン
1669,般 ,舟 ,10,S ,generally ,ハン
1670,販 ,貝 ,11,S ,marketing ,ハン
1671,斑 ,文 ,12,S ,blemish ,ハン
1673,搬 ,手 ,13,S ,conveyor ,ハン
1674,煩 ,火 ,13,S ,anxiety ,ハン、（ボン）、わずら-う、わずら-わす
1675,頒 ,頁 ,13,S ,partition ,ハン
1676,範 ,竹 ,15,S ,pattern ,ハン
1677,繁 ,糸 ,16,S ,luxuriant ,ハン
1678,藩 ,艸 ,18,S ,clan ,ハン
1681,蛮 ,虫 ,12,S ,barbarian ,バン
1682,盤 ,皿 ,15,S ,tray ,バン
1685,妃 ,女 ,6,S ,queen ,ヒ
1688,彼 ,彳 ,8,S ,he ,ヒ、かれ、（かの）
1689,披 ,手 ,8,S ,expose ,ヒ
1692,卑 ,十 ,9,S ,lowly ,ヒ、いや-しい、いや-しむ、いや-しめる
1694,疲 ,疒 ,10,S ,exhausted ,ヒ、つか-れる
1696,被 ,衣 ,10,S ,incur ,ヒ、こうむ-る
1698,扉 ,戶 ,12,S ,front door ,ヒ、とびら
1700,碑 ,石 ,14,S ,tombstone ,ヒ
1701,罷 ,网 ,15,S ,quit ,ヒ
1702,避 ,辵 ,16,S ,evade ,ヒ、さ-ける
1703,尾 ,尸 ,7,S ,tail ,ビ、お
1704,眉 ,目 ,9,S ,eyebrow ,ビ、（ミ）、まゆ
1707,微 ,彳 ,13,S ,delicate ,ビ
1709,膝 ,肉 ,15,S ,knee ,ひざ
1710,肘 ,肉 ,7,S ,elbow ,ひじ
1711,匹 ,匸 ,4,S ,equal ,ヒツ、ひき
1713,泌 ,水 ,8,S ,ooze ,ヒツ、ヒ
1715,姫 ,女 ,10,S ,princess ,ひめ
1722,漂 ,水 ,14,S ,drift ,ヒョウ、ただよ-う
1724,苗 ,艸 ,8,S ,seedling ,ビョウ、なえ、（なわ）
1727,描 ,手 ,11,S ,sketch ,ビョウ、えが-く、か-く
1728,猫 ,犬 ,11,S ,cat ,ビョウ、ねこ
1730,浜 ,水 ,10,S ,seacoast ,ヒン、はま
1732,賓 ,貝 ,15,S ,V.I.P. ,ヒン
1733,頻 ,頁 ,17,S ,repeatedly ,ヒン
1734,敏 ,攴 ,10,S ,cleverness ,ビン
1735,瓶 ,瓦 ,11,S ,flower pot ,ビン
1741,扶 ,手 ,7,S ,aid ,フ
1743,怖 ,心 ,8,S ,dreadful ,フ、こわ-い
1744,阜 ,阜 ,8,S ,mound ,（フ）[6]
1745,附 ,阜 ,8,S ,affixed ,フ
1746,訃 ,言 ,9,S ,obituary ,フ
1748,赴 ,走 ,9,S ,proceed ,フ、おもむ-く
1749,浮 ,水 ,10,S ,floating ,フ、う-く、う-かれる、う-かぶ、う-かべる
1751,符 ,竹 ,11,S ,token ,フ
1753,普 ,日 ,12,S ,universal ,フ
1754,腐 ,肉 ,14,S ,rot ,フ、くさ-る、くさ-れる、くさ-らす
1755,敷 ,攴 ,15,S ,spread ,フ、し-く
1756,膚 ,肉 ,15,S ,skin ,フ
1757,賦 ,貝 ,15,S ,levy ,フ
1758,譜 ,言 ,19,S ,musical score ,フ
1759,侮 ,人 ,8,S ,scorn ,ブ、あなど-る
1762,舞 ,舛 ,15,S ,dance ,ブ、ま-う、まい
1763,封 ,寸 ,9,S ,seal ,フウ、ホウ
1765,伏 ,人 ,6,S ,prostrated ,フク、ふ-せる、ふ-す
1768,幅 ,巾 ,12,S ,breadth ,フク、はば
1773,覆 ,襾 ,18,S ,capsize ,フク、おお-う、くつがえ-す、くつがえ-る
1774,払 ,手 ,5,S ,pay ,フツ、はら-う
1775,沸 ,水 ,8,S ,seethe ,フツ、わ-く、わ-かす
1779,紛 ,糸 ,10,S ,distract ,フン、まぎ-れる、まぎ-らす、まぎ-らわす、まぎ-らわしい
1780,雰 ,雨 ,12,S ,atmosphere ,フン
1781,噴 ,口 ,15,S ,erupt ,フン、ふ-く
1782,墳 ,土 ,15,S ,tomb ,フン
1783,憤 ,心 ,15,S ,aroused ,フン、いきどお-る
1788,丙 ,一 ,5,S ,third class ,ヘイ
1791,併 ,人 ,8,S ,join ,ヘイ、あわ-せる
1793,柄 ,木 ,9,S ,design ,ヘイ、がら、え
1796,塀 ,土 ,12,S ,fence ,ヘイ
1797,幣 ,巾 ,15,S ,cash ,ヘイ
1798,弊 ,廾 ,15,S ,abuse ,ヘイ
1799,蔽 [7] ,艸 ,15,S ,cover ,ヘイ
1800,餅 [8] ,食 ,15,S ,mochi rice cake ,ヘイ、もち
1802,壁 ,土 ,16,S ,wall ,ヘキ、かべ
1803,璧 ,玉 ,18,S ,sphere ,ヘキ
1804,癖 ,疒 ,18,S ,mannerism ,ヘキ、くせ
1806,蔑 ,艸 ,14,S ,ignore ,ベツ、さげす-む
1811,偏 ,人 ,11,S ,partial ,ヘン、かたよ-る
1812,遍 ,辵 ,12,S ,everywhere ,ヘン
1819,哺 ,口 ,10,S ,suckle ,ホ
1820,捕 ,手 ,10,S ,catch ,ホ、と-らえる、と-らわれる、と-る、つか-まえる、つか-まる
1822,舗 ,舌 ,15,S ,pavement ,ホ
1824,募 ,力 ,12,S ,recruit ,ボ、つの-る
1826,慕 ,心 ,14,S ,pining ,ボ、した-う
1828,簿 ,竹 ,19,S ,register ,ボ
1831,芳 ,艸 ,7,S ,perfume ,ホウ、かんば-しい
1832,邦 ,邑 ,7,S ,home country ,ホウ
1833,奉 ,大 ,8,S ,observance ,ホウ、（ブ）、たてまつ-る
1835,抱 ,手 ,8,S ,embrace ,ホウ、だ-く、いだ-く、かか-える
1838,泡 ,水 ,8,S ,bubbles ,ホウ、あわ
1839,胞 ,肉 ,9,S ,placenta ,ホウ
1840,俸 ,人 ,10,S ,salary ,ホウ
1841,倣 ,人 ,10,S ,emulate ,ホウ、なら-う
1842,峰 ,山 ,10,S ,summit ,ホウ、みね
1843,砲 ,石 ,10,S ,cannon ,ホウ
1844,崩 ,山 ,11,S ,crumble ,ホウ、くず-れる、くず-す
1847,蜂 ,虫 ,13,S ,bee ,ホウ、はち
1849,飽 ,食 ,13,S ,sated ,ホウ、あ-きる、あ-かす
1850,褒 ,衣 ,15,S ,praise ,ホウ、ほ-める
1851,縫 ,糸 ,16,S ,sew ,ホウ、ぬ-う
1853,乏 ,丿 ,4,S ,scarce ,ボウ、とぼ-しい
1854,忙 ,心 ,6,S ,busy ,ボウ、いそが-しい
1855,坊 ,土 ,7,S ,boy ,ボウ、（ボッ）
1856,妨 ,女 ,7,S ,disturb ,ボウ、さまた-げる
1859,房 ,戶 ,8,S ,tassel ,ボウ、ふさ
1860,肪 ,肉 ,8,S ,obese ,ボウ
1861,某 ,木 ,9,S ,so-and-so ,ボウ
1862,冒 ,冂 ,9,S ,risk ,ボウ、おか-す
1863,剖 ,刀 ,10,S ,divide ,ボウ
1864,紡 ,糸 ,10,S ,spinning ,ボウ、つむ-ぐ
1866,傍 ,人 ,12,S ,bystander ,ボウ、かたわ-ら
1867,帽 ,巾 ,12,S ,cap ,ボウ
1870,貌 ,豸 ,14,S ,appearance ,ボウ
1872,膨 ,肉 ,16,S ,swell ,ボウ、ふく-らむ、ふく-れる
1873,謀 ,言 ,16,S ,conspire ,ボウ、（ム）、はか-る
1874,頰 [7] ,頁 ,16,S ,cheek ,ほお
1877,朴 ,木 ,6,S ,crude ,ボク
1879,睦 ,目 ,13,S ,harmonious ,ボク
1880,僕 ,人 ,14,S ,me ,ボク
1881,墨 ,土 ,14,S ,black ink ,ボク、すみ
1882,撲 ,手 ,15,S ,slap ,ボク
1883,没 ,水 ,7,S ,drown ,ボツ
1884,勃 ,力 ,9,S ,rise ,ボツ
1885,堀 ,土 ,11,S ,ditch ,ほり
1887,奔 ,大 ,8,S ,bustle ,ホン
1888,翻 ,飛 ,18,S ,flip ,ホン、ひるがえ-る、ひるがえ-す
1889,凡 ,几 ,3,S ,mediocre ,ボン、（ハン）
1890,盆 ,皿 ,9,S ,basin ,ボン
1891,麻 ,麻 ,11,S ,hemp ,マ、あさ
1892,摩 ,手 ,15,S ,chafe ,マ
1893,磨 ,石 ,16,S ,grind ,マ、みが-く
1894,魔 ,鬼 ,21,S ,witch ,マ
1898,昧 ,日 ,9,S ,foolish ,マイ
1899,埋 ,土 ,10,S ,bury ,マイ、う-める、う-まる、う-もれる
1901,膜 ,肉 ,14,S ,membrane ,マク
1902,枕 ,木 ,8,S ,pillow ,まくら
1903,又 ,又 ,2,S ,or again ,また
1905,抹 ,手 ,8,S ,rub ,マツ
1908,慢 ,心 ,14,S ,ridicule ,マン
1909,漫 ,水 ,14,S ,cartoon ,マン
1912,魅 ,鬼 ,15,S ,fascination ,ミ
1913,岬 ,山 ,8,S ,headland ,みさき
1915,蜜 ,虫 ,14,S ,honey ,ミツ
1917,妙 ,女 ,7,S ,exquisite ,ミョウ
1919,眠 ,目 ,10,S ,sleep ,ミン、ねむ-る、ねむ-い
1920,矛 ,矛 ,5,S ,halberd ,ム、ほこ
1924,霧 ,雨 ,19,S ,fog ,ム、きり
1925,娘 ,女 ,10,S ,daughter ,むすめ
1930,冥 ,冖 ,10,S ,dark ,メイ、ミョウ
1932,銘 ,金 ,14,S ,inscription ,メイ
1934,滅 ,水 ,13,S ,destroy ,メツ、ほろ-びる、ほろ-ぼす
1935,免 ,儿 ,8,S ,excuse ,メン、まぬか-れる
1938,麺 ,麥 ,16,S ,noodles ,メン
1939,茂 ,艸 ,8,S ,overgrown ,モ、しげ-る
1942,妄 ,女 ,6,S ,delusion ,モウ、ボウ
1943,盲 ,目 ,8,S ,blind ,モウ
1944,耗 ,耒 ,10,S ,decrease ,モウ、（コウ）
1945,猛 ,犬 ,11,S ,fierce ,モウ
1946,網 ,糸 ,14,S ,netting ,モウ、あみ
1948,黙 ,黑 ,15,S ,silence ,モク、だま-る
1950,紋 ,糸 ,10,S ,family crest ,モン
1952,冶 ,冫 ,7,S ,melting ,ヤ
1955,弥 ,弓 ,8,S ,all the more ,や
1956,厄 ,厂 ,4,S ,unlucky ,ヤク
1961,躍 ,足 ,21,S ,leap ,ヤク、おど-る
1962,闇 ,門 ,17,S ,darkness ,やみ
1965,喩 ,口 ,12,S ,metaphor ,ユ
1966,愉 ,心 ,12,S ,pleasure ,ユ
1967,諭 ,言 ,16,S ,rebuke ,ユ、さと-す
1969,癒 ,疒 ,18,S ,healing ,ユ、い-える、い-やす
1970,唯 ,口 ,11,S ,solely ,ユイ、（イ）
1974,幽 ,幺 ,9,S ,seclude ,ユウ
1975,悠 ,心 ,11,S ,permanence ,ユウ
1977,湧 ,水 ,12,S ,boil ,ユウ、わ-く
1978,猶 ,犬 ,12,S ,furthermore ,ユウ
1979,裕 ,衣 ,12,S ,abundant ,ユウ
1981,雄 ,隹 ,12,S ,male ,ユウ、お、おす
1982,誘 ,言 ,14,S ,entice ,ユウ、さそ-う
1983,憂 ,心 ,15,S ,melancholy ,ユウ、うれ-える、うれ-い、う-い
1984,融 ,虫 ,16,S ,dissolve ,ユウ
1986,与 ,臼 ,3,S ,give ,ヨ、あた-える
1989,誉 ,言 ,13,S ,reputation ,ヨ、ほま-れ
1994,妖 ,女 ,7,S ,bewitching ,ヨウ、あや-しい
1998,庸 ,广 ,11,S ,commonplace ,ヨウ
1999,揚 ,手 ,12,S ,hoist ,ヨウ、あ-げる、あ-がる
2000,揺 ,手 ,12,S ,swing ,ヨウ、ゆ-れる、ゆ-る、ゆ-らぐ、ゆ-るぐ、ゆ-する、ゆ-さぶる、ゆ-すぶる
2003,溶 ,水 ,13,S ,melt ,ヨウ、と-ける、と-かす、と-く
2004,腰 ,肉 ,13,S ,loins ,ヨウ、こし
2006,瘍 ,疒 ,14,S ,boil (medical) ,ヨウ
2007,踊 ,足 ,14,S ,jump ,ヨウ、おど-る、おど-り
2008,窯 ,穴 ,15,S ,kiln ,ヨウ、かま
2010,擁 ,手 ,16,S ,embrace ,ヨウ
2011,謡 ,言 ,16,S ,noh chanting ,ヨウ、うたい、うた-う
2013,抑 ,手 ,7,S ,repress ,ヨク、おさ-える
2014,沃 ,水 ,7,S ,fertility ,ヨク
2018,翼 ,羽 ,17,S ,wing ,ヨク、つばさ
2019,拉 ,手 ,8,S ,crush ,ラ
2020,裸 ,衣 ,13,S ,naked ,ラ、はだか
2021,羅 ,网 ,19,S ,gauze ,ラ
2023,雷 ,雨 ,13,S ,thunder ,ライ、かみなり
2024,頼 ,貝 ,16,S ,trust ,ライ、たの-む、たの-もしい、たよ-る
2025,絡 ,糸 ,12,S ,entwine ,ラク、から-む、から-まる、から-める
2027,酪 ,酉 ,13,S ,dairy products ,ラク
2028,辣 ,辛 ,14,S ,bitter ,ラツ
2032,濫 ,水 ,18,S ,excessive ,ラン
2033,藍 ,艸 ,18,S ,indigo ,ラン、あい
2034,欄 ,木 ,20,S ,column ,ラン
2035,吏 ,口 ,6,S ,officer ,リ
2039,痢 ,疒 ,12,S ,diarrhea ,リ
2041,履 ,尸 ,15,S ,footgear ,リ、は-く
2042,璃 ,玉 ,15,S ,glassy ,リ
2043,離 ,隹 ,19,S ,detach ,リ、はな-れる、はな-す
2047,慄 ,心 ,13,S ,fear ,リツ
2049,柳 ,木 ,9,S ,willow ,リュウ、やなぎ
2052,竜 ,龍 ,10,S ,dragon ,リュウ、たつ
2053,粒 ,米 ,11,S ,grains ,リュウ、つぶ
2054,隆 ,阜 ,11,S ,hump ,リュウ
2055,硫 ,石 ,12,S ,sulphur ,リュウ
2056,侶 ,人 ,9,S ,companion ,リョ
2058,虜 ,虍 ,13,S ,captive ,リョ
2059,慮 ,心 ,15,S ,prudence ,リョ
2060,了 ,亅 ,2,S ,finish ,リョウ
2064,涼 ,水 ,11,S ,refreshing ,リョウ、すず-しい、すず-む
2065,猟 ,犬 ,11,S ,game-hunting ,リョウ
2066,陵 ,阜 ,11,S ,mausoleum ,リョウ、みささぎ
2068,僚 ,人 ,14,S ,colleague ,リョウ
2070,寮 ,宀 ,15,S ,dormitory ,リョウ
2071,療 ,疒 ,17,S ,heal ,リョウ
2072,瞭 ,目 ,17,S ,clear ,リョウ
2073,糧 ,米 ,18,S ,provisions ,リョウ、（ロウ）、かて
2077,厘 ,厂 ,9,S ,thousandth ,リン
2078,倫 ,人 ,10,S ,ethics ,リン
2080,隣 ,阜 ,16,S ,neighboring ,リン、とな-る、となり
2082,瑠 ,玉 ,14,S ,lapis lazuli ,ル
2083,涙 ,水 ,10,S ,tears ,ルイ、なみだ
2084,累 ,糸 ,11,S ,accumulate ,ルイ
2085,塁 ,土 ,12,S ,bases ,ルイ
2090,励 ,力 ,7,S ,encourage ,レイ、はげ-む、はげ-ます
2091,戻 ,戶 ,7,S ,re- ,レイ、もど-す、もど-る
2093,鈴 ,金 ,13,S ,small bell ,レイ、リン、すず
2094,零 ,雨 ,13,S ,zero ,レイ
2095,霊 ,雨 ,15,S ,spirits ,レイ、リョウ、たま
2096,隷 ,隶 ,16,S ,slave ,レイ
2097,齢 ,齒 ,17,S ,age ,レイ
2098,麗 ,鹿 ,19,S ,lovely ,レイ、うるわ-しい
2099,暦 ,日 ,14,S ,calendar ,レキ、こよみ
2102,劣 ,力 ,6,S ,inferiority ,レツ、おと-る
2103,烈 ,火 ,10,S ,ardent ,レツ
2104,裂 ,衣 ,12,S ,split ,レツ、さ-く、さ-ける
2105,恋 ,心 ,10,S ,romance ,レン、こ-う、こい、こい-しい
2107,廉 ,广 ,13,S ,bargain ,レン
2109,錬 ,金 ,16,S ,tempering ,レン
2110,呂 ,口 ,7,S ,spine ,ロ
2111,炉 ,火 ,8,S ,hearth ,ロ
2112,賂 ,貝 ,13,S ,bribe ,ロ
2114,露 ,雨 ,21,S ,dew ,ロ、（ロウ）、つゆ
2117,弄 ,廾 ,7,S ,tamper with ,ロウ、もてあそ-ぶ
2118,郎 ,邑 ,9,S ,son ,ロウ
2120,浪 ,水 ,10,S ,wandering ,ロウ
2121,廊 ,广 ,12,S ,corridor ,ロウ
2122,楼 ,木 ,13,S ,watchtower ,ロウ
2123,漏 ,水 ,14,S ,leak ,ロウ、も-る、も-れる、も-らす
2124,籠 ,竹 ,22,S ,basket ,ロウ、かご、こ-もる
2127,麓 ,鹿 ,19,S ,foot of a mountain ,ロク、ふもと
2131,賄 ,貝 ,13,S ,bribe ,ワイ、まかな-う
2132,脇 ,肉 ,10,S ,aside ,わき
2133,惑 ,心 ,12,S ,beguile ,ワク、まど-う
2134,枠 ,木 ,8,S ,frame ,わく
2135,湾 ,水 ,12,S ,gulf ,ワン
2136,腕 ,肉 ,12,S ,arm ,ワン、うで